省份,年份,财政支出效率,数字经济指数,政府透明度指数,协同效应,飞轮效应,财政分权,城镇化率,二产值占比,市场化指数,GDP增速
北京市,2000,,,,1.0,7.39909706546275,0.0200878332573805,0.77544734526254,0.380637899594959,4.484,12.0
北京市,2001,,,,1.0,6.90651213535798,0.0253528407506411,0.780593458956032,0.277750827377295,5.701,11.8
北京市,2002,,,,1.0,7.20251452216122,0.0284925282782732,0.785553681843732,0.257835303898023,6.901,11.8
北京市,2003,,,,1.0,7.16820903647251,0.0298093910940996,0.790510848667948,0.261130585197969,7.424,11.1
北京市,2004,,,,1.0,6.96052455804426,0.0315331017180184,0.795337308233403,0.265725346023616,7.871,13.3
北京市,2005,,,,1.0,6.75586548364846,0.0311907240376442,0.836215864759428,0.29076751340121,8.218,12.3
北京市,2006,,,,1.0,6.46725887542025,0.0320819499326245,0.843347907557776,0.26995434712446,8.569,12.8
北京市,2007,,,,1.0,6.32040012124886,0.0331348989129463,0.844988066825776,0.254843954539592,8.776,14.4
北京市,2008,1.015372,,,1.0,6.0292759111719,0.0313022325620927,0.84901185770751,0.24229869545659,8.566,9.0
北京市,2009,0.622067,,,1.0,5.56224319535046,0.030398061964146,0.85005376344086,0.234966094875105,8.658,10.0
北京市,2010,0.427625,,,1.0,5.50689650096419,0.0302347193008536,0.85957490188083,0.240079412877526,8.907,10.4
北京市,2011,0.100939,0.136342808421821,72.5,1.0,5.29663536944993,0.0297052233276298,0.862041703725665,0.230894423000837,8.868,8.1
北京市,2012,0.0915,0.160257166118341,65.0,1.0,5.16230656308425,0.0292594132555985,0.862912154031288,0.227036142152421,8.895,7.7
北京市,2013,0.0571,0.191193160414125,58.8,1.0,5.06380490983933,0.0297667605006986,0.863884445280888,0.219804139325613,9.282,7.68
北京市,2014,0.0491,0.22983017184722,75.05,1.0,5.06688885598287,0.0298096208888382,0.864999309105983,0.213062501552917,9.212,7.4
北京市,2015,0.0421,0.29966749117322,85.7,1.0,4.31864684455444,0.0326232246406126,0.867111456381666,0.197380878825128,9.192,6.9
北京市,2016,0.0336,0.311733192396422,,1.0,4.22072276669835,0.0341229945097129,0.867632322128086,0.192622032768543,9.171,6.9
北京市,2017,0.0273,0.338222978848588,76.45,1.0,4.3787630796553,0.0336042225370212,0.869349252643091,0.190139975313172,9.236,6.8
北京市,2018,0.0221,0.389270892861497,79.96,1.0,4.43101253709129,0.0338220476004681,0.870922115253,0.186268262709936,9.239,6.7
北京市,2019,0.02,0.435213039763022,80.45,1.0,4.78458300880512,0.0310149901801641,0.873521756997397,0.161573457336008,9.512,6.1
北京市,2020,0.0226,0.461088881841906,88.61,1.0,5.05092619916866,0.0289653536974645,0.875344286556038,0.158337014975397,9.813,1.1
北京市,2021,0.0237,0.443717672562158,87.68,1.0,5.69672677207319,0.0293280905919657,0.875491181577264,0.180498440510956,10.123,8.8
北京市,2022,0.02253,0.482830314660363,,1.0,5.5616636431187,0.0286666253185735,0.875703886828732,0.158734850724209,10.444,0.7
北京市,2023,,0.491890434905766,,1.0,5.48981652814803,0.0290261621989773,0.878305425931009,0.149120100912463,10.774,5.2
天津市,2000,,,,1.0,8.50948944132585,0.00848178151420545,0.724004634716423,0.500298897130588,5.148,8.3
天津市,2001,,,,1.0,7.48668342779222,0.0106411102268837,0.724004634716423,0.471390085926142,5.822,9.6
天津市,2002,,,,1.0,7.26556313864485,0.0120259464067491,0.724004634716423,0.465834602715965,6.248,10.2
天津市,2003,,,,1.0,7.2346834145091,0.0126604719279349,0.724004634716423,0.483039375026668,6.598,12.3
天津市,2004,,,,1.0,6.9892272412138,0.0131646522312545,0.724004634716423,0.501502746731727,7.412,13.6
天津市,2005,,,,1.0,7.1442142404777,0.013030249087246,0.751441205528858,0.525181532348092,8.047,12.2
天津市,2006,,,,1.0,6.51458241272647,0.0134360049407846,0.757302325581395,0.557570013041315,8.487,11.9
天津市,2007,,,,1.0,6.16671362685925,0.0135458359405681,0.763130044843049,0.550668600887914,8.632,12.8
天津市,2008,0.334582,,,1.0,5.97243350389526,0.0138629673191713,0.772295918367347,0.568695388159863,8.571,13.7
天津市,2009,0.259445,,,1.0,5.07845020813321,0.0147350069652751,0.780101941115164,0.530167445508751,8.658,13.8
天津市,2010,0.212662,,,1.0,4.96121553702682,0.0153196424867837,0.795503698173618,0.524716893997047,8.975,14.4
天津市,2011,0.153341,0.0379894430554269,69.0,1.0,4.51615237734715,0.0164427124795843,0.80462341536167,0.524292314332006,9.328,13.4
天津市,2012,0.121963,0.0469385950214658,67.3,1.0,4.21937187676429,0.0170159544471242,0.815674891146589,0.516820383003409,10.07,11.3
天津市,2013,0.0958,0.0573994617198865,71.75,1.0,3.901365521083,0.0181810984929261,0.822695035460993,0.503855072804963,10.937,10.1
天津市,2014,0.0868,0.0655555161245201,77.12,1.0,3.68863313342809,0.019005101671068,0.825752274317705,0.491631233813592,11.015,7.5
天津市,2015,0.0871,0.0760787419029638,76.66,1.0,3.36581743932433,0.0183783885820249,0.829047949965254,0.465844206651393,10.459,6.9
天津市,2016,0.0777,0.0834908951187678,,1.0,3.10242388692312,0.0197034745400674,0.832986832986833,0.423325966053857,10.303,6.0
天津市,2017,0.09006,0.0899600023181074,66.79,1.0,3.7929773894606,0.0161633408669423,0.835460992907801,0.409375992698334,10.281,3.4
天津市,2018,0.096,0.116807886069233,77.18,1.0,4.3062233336341,0.0140475418001465,0.839479392624729,0.404569678101229,10.402,3.4
天津市,2019,0.0849,0.139461292090647,70.33,1.0,3.95293766926999,0.0148862692146815,0.843097472924188,0.352317168972822,9.417,4.8
天津市,2020,0.104132,0.164618190466338,73.87,1.0,4.44507909308709,0.0128271020933288,0.846846067318508,0.341108498955887,9.762,1.4
天津市,2021,0.108241,0.12590480989583,77.9,1.0,4.97536914561228,0.0128323014739104,0.848506919155135,0.37300414144632,10.12,6.6
天津市,2022,0.130421,0.128094080509479,,1.0,5.90959876622354,0.010477097634055,0.851063829787234,0.37022800144685,10.49,1.0
天津市,2023,,0.133539029034582,,1.0,5.10218203766591,0.0119451783598268,0.854838709677419,0.357441164345504,10.875,4.3
河北省,2000,,,,8.26945273631841,11.1377966020118,0.0188426596653993,0.260852497726343,0.503041878890775,4.957,9.5
河北省,2001,,,,8.60913957160246,9.84655179120153,0.0233154900773812,0.260852497726343,0.501636830313445,4.817,8.7
河北省,2002,,,,8.37215042834326,9.57161934823705,0.0261454712818804,0.260852497726343,0.506124673494753,5.155,9.5
河北省,2003,,,,8.06107441106818,9.79311624454959,0.026236970054706,0.335035098915125,0.528397162956616,5.443,8.4
河北省,2004,,,,8.44960740023664,9.66011507714242,0.0275761938210875,0.358362401321829,0.546760120458194,5.833,10.0
河北省,2005,,,,9.05288461538461,8.96012909024061,0.0288579994034827,0.376900317187844,0.522617110678968,6.45,10.3
河北省,2006,,,,9.20358674463938,8.50842115964621,0.0292004028426581,0.387699953318855,0.533242352366668,6.947,10.3
河北省,2007,,,,9.23362137647852,8.06617329837719,0.0302653503771995,0.402499427496583,0.532198845915287,6.975,9.6
河北省,2008,1.054114,,,9.70984054904794,7.54654110444446,0.0300621510573284,0.419000632438666,0.548178643852068,6.727,8.0
河北省,2009,1.000455,,,9.74427195749626,6.52026120404329,0.0307679181357047,0.437400489025361,0.519848011195511,6.939,8.1
河北省,2010,0.738726,,49.5,9.24184034604797,6.38371202450855,0.0313798760400097,0.444978870106762,0.525034004666019,6.459,9.2
河北省,2011,0.602268,0.0420552577528907,59.0,8.76589681320315,6.0453328584069,0.032379510834956,0.455888250049088,0.535445770394228,6.406,10.3
河北省,2012,0.542997,0.0533330134941275,51.25,8.790191557672,5.65702645461142,0.032388597108905,0.465999724593776,0.526945051008447,6.622,8.7
河北省,2013,0.492426,0.0643273691186995,51.5,8.43228668680919,5.50156704266619,0.0314493542283441,0.480183435127388,0.519007346284404,6.859,8.2
河北省,2014,0.481802,0.0734283976446405,51.0,8.25663295027273,5.38962649391743,0.0308151842639049,0.493584508869437,0.51027407154377,6.969,6.5
河北省,2015,0.426652,0.0865688240714653,75.74,8.25362329459693,4.68705778746811,0.0320233193768604,0.516699341066275,0.482681906495011,7.592,6.8
河北省,2016,0.408309,0.101882301873156,67.33,8.10798531067389,4.70682846436004,0.032220304299412,0.538686832117738,0.475731709408505,7.201,6.7
河北省,2017,0.373453,0.119929866718668,59.13,8.22974229296047,4.61514825626056,0.0326915527052179,0.557399374286354,0.465841396129858,7.637,6.6
河北省,2018,0.318905,0.145829472064935,75.23,7.79158136767479,4.20576194537813,0.0349753986039102,0.573300279948346,0.445430150898619,8.104,6.5
河北省,2019,0.317116,0.174766174919835,68.15,7.9029094817337,4.20970412947825,0.0347864720001229,0.58768478330934,0.387336445563136,8.493,6.7
河北省,2020,0.296307,0.200524719255817,74.37,7.89927597769276,3.99142615532446,0.0367259265066294,0.600685438058694,0.375541782240894,8.717,3.8
河北省,2021,0.320232,0.18136015150865,76.97,7.67580720717595,4.56556749896307,0.0360162085373647,0.611439312567132,0.405141701306965,8.946,6.1
河北省,2022,0.311318,0.187476571343878,,7.44195196852283,4.51210233793699,0.0357150807293374,0.616576819407008,0.402405924890962,9.182,3.6
河北省,2023,,0.199931795983864,,7.53528705788223,4.57455125382435,0.0349796342577936,0.627755985391587,0.374004701427495,9.423,5.5
山西省,2000,,,,9.15250101667344,8.20092419799165,0.0102053448146863,0.358888204496458,0.50345842889385,3.259,9.4
山西省,2001,,,,9.73465908517743,7.01036269430052,0.0131273763612001,0.350870972573305,0.452311618946258,3.474,10.1
山西省,2002,,,,9.08342391304348,6.95485685224519,0.0151574718350893,0.380895707272346,0.466186338609773,3.663,12.9
山西省,2003,,,,9.7191956979191,6.86641487647045,0.0168637258899105,0.388101222282902,0.486591272857178,4.36,11.9
山西省,2004,,,,9.07606224864487,6.73525218664509,0.0182210132450401,0.396288533673956,0.506830712023677,4.825,12.2
山西省,2005,,,,9.30888084632517,6.10003738317757,0.0197095337851618,0.421079455533335,0.556232906988013,4.941,10.5
山西省,2006,,,,9.5951582477468,5.14826829188374,0.0226498804014474,0.43009882799188,0.563342837406556,5.557,9.9
山西省,2007,,,,6.73889602053915,5.65338311490399,0.0210906293220252,0.440299123381026,0.570770775755463,5.87,13.2
山西省,2008,0.57518,,,8.60277377992935,5.49269212635549,0.0210091726410093,0.451111814791359,0.583121907209449,5.74,8.3
山西省,2009,0.52943,,,9.76611844162341,4.57680732535058,0.0204679086861548,0.459855398907614,0.542760497994784,5.714,5.5
山西省,2010,0.429946,,42.0,10.184349293398,4.61017107116229,0.0214896027957313,0.480519625864901,0.568859867447173,5.43,10.8
山西省,2011,0.374477,0.0277111436817219,52.5,9.8777735990974,4.60875267043171,0.0216375086397629,0.498001122964627,0.590454325008565,5.441,10.0
山西省,2012,0.318767,0.0347239035771537,57.5,9.94615051903114,4.23383560551702,0.0219086536824022,0.513280721533258,0.555738006725101,5.798,9.2
山西省,2013,0.285491,0.0457847206232351,51.93,9.49556579236,3.95600188770779,0.0216110449811393,0.528845827439887,0.536324194153293,6.155,9.0
山西省,2014,0.307487,0.050291050962849,60.07,9.56112677802225,3.92013042576363,0.0203265712495971,0.54312641723356,0.493195543780546,6.204,4.9
山西省,2015,0.287093,0.0573546690828349,67.81,8.15012262196719,3.45793273093249,0.0194622094651302,0.558687127024723,0.406867510177034,6.522,3.0
山西省,2016,0.302818,0.0636120831315599,67.88,8.08559907562431,3.48407342382016,0.0182623960208614,0.572828685258964,0.385351111574272,6.057,4.1
山西省,2017,0.273763,0.0739852162324409,59.29,7.84123074353943,3.85587873560464,0.0184967424309831,0.586025641025641,0.436547311316927,6.897,6.8
山西省,2018,0.241441,0.0993551418323031,66.19,7.89719057626369,3.7251249442682,0.0193926206811978,0.598629354654483,0.421521205414877,7.177,6.6
山西省,2019,0.227747,0.119381977811881,56.52,7.71560068790435,3.60060796983926,0.019721980016861,0.612928224192165,0.437730080086077,6.74,6.1
山西省,2020,0.222711,0.14046209806743,64.77,7.89518645534032,3.4897385376658,0.0208030371985757,0.625368511828191,0.434821574751316,6.977,3.6
山西省,2021,0.235188,0.109234464923676,68.7,8.02337080080764,4.53182526126398,0.0205420213047425,0.634245851146968,0.496370107391701,7.222,9.3
山西省,2022,0.203568,0.114564001864558,,8.20854867998324,4.35359482685272,0.0225540287294534,0.639407126545737,0.539758058855186,7.476,4.4
山西省,2023,,0.122670814586961,,8.16407637084116,4.04976038552637,0.0231066275818036,0.649745094475172,0.518701698951678,7.738,5.0
内蒙古自治区,2000,,,,7.5249543517955,6.22437012172928,0.0112124571773193,0.422032040472175,0.397056409304716,3.419,10.75
内蒙古自治区,2001,,,,11.5649190933822,5.36803858923761,0.0144768434441338,0.435365008713179,0.365542271313623,3.355,10.7
内蒙古自治区,2002,,,,11.5653834851602,4.93152425235663,0.0178464301018222,0.440552840754179,0.375251166960339,3.739,13.16
内蒙古自治区,2003,,,,10.6439790575916,5.34007065241694,0.0181444587108696,0.447400850036466,0.407780838894983,4.149,16.3
内蒙古自治区,2004,,,,10.6798561151079,5.21600397085675,0.0198024424568635,0.458610918392083,0.438159203832861,4.779,16.7
内蒙古自治区,2005,,,,11.1856955380577,5.16762480201795,0.0200965037718522,0.472013349368111,0.454083579383513,5.595,19.6
内蒙古自治区,2006,,,,10.7566887417219,5.12454902540234,0.0200909240914703,0.486408148899609,0.470736714365172,6.206,18.0
内蒙古自治区,2007,,,,10.7681822704209,4.77395570585137,0.0217412745937987,0.501476019317943,0.491121220330117,6.21,18.0
内蒙古自治区,2008,1.016929,,,10.9218351103769,4.29157757962834,0.0232386672814352,0.517156030486882,0.502698853605141,5.961,16.5
内蒙古自治区,2009,0.583023,,,11.6665052070719,3.68696933839862,0.0252534963007175,0.534000211535176,0.525037858371192,6.089,16.0
内蒙古自治区,2010,0.44034,,,12.82434566787,3.60672971189795,0.0252964812132876,0.555339821534031,0.545552604523646,5.864,14.1
内蒙古自治区,2011,0.250499,0.0331066701204493,,11.6916728595455,3.16408014157587,0.0273617434274872,0.570445344129555,0.559732393306908,5.72,13.6
内蒙古自治区,2012,0.198551,0.0408464368042468,,12.4436655528113,3.056080140339,0.0272005495384507,0.584172077922078,0.55423017988008,6.641,10.7
内蒙古自治区,2013,0.183439,0.0490221206301668,54.4,12.5034595034595,3.09028568948493,0.0262924526485232,0.598289205702648,0.537001743859545,6.437,8.7
内蒙古自治区,2014,0.174277,0.0535935270971923,63.77,12.479431346692,3.13357285346832,0.025562247159743,0.609718252347897,0.513207230761179,6.158,7.8
内蒙古自治区,2015,0.193166,0.0628853993396145,76.78,11.7924857895467,3.04470298333396,0.0241813391197762,0.620983606557377,0.504756894721951,5.805,7.7
内蒙古自治区,2016,0.1938,0.0682221022540218,68.56,10.7453151415577,3.0556583516335,0.0240350720493988,0.634072249589491,0.471843712247836,5.807,7.0
内蒙古自治区,2017,0.219308,0.0775836264603796,56.3,11.2394055180627,3.28881461744442,0.022305532512441,0.646115906288533,0.397589246164159,5.993,3.98
内蒙古自治区,2018,0.201231,0.0982153507906278,68.15,13.5433649156248,3.34077069871219,0.0218712977435053,0.655161023947151,0.393730891272134,6.181,5.2
内蒙古自治区,2019,0.181581,0.119535602843677,59.47,12.2054699464012,3.3743979015509,0.0213553747352458,0.664691511387164,0.396157915193176,5.812,5.2
内蒙古自治区,2020,0.175076,0.133946868988704,74.71,12.0166906081127,3.27466338782883,0.0214514034836429,0.674854336607291,0.39562795005939,6.061,0.2
内蒙古自治区,2021,0.197326,0.0941719907514244,73.71,12.4529292929293,4.039644474642,0.0213274148970379,0.6821,0.456961519337824,6.32,6.7
内蒙古自治区,2022,0.0216,0.0997296827371878,,13.9857000332557,3.97250199568592,0.0225970143708675,0.685998908865261,0.485426580190512,6.591,4.4
内蒙古自治区,2023,,0.1078710643523,,11.5288125874833,3.60241887353282,0.0248931862720572,0.695784641068447,0.475234498720916,6.873,7.29
辽宁省,2000,,,,5.79572659134131,9.01231470043237,0.0234923355620399,0.587064676616915,0.50211391586315,4.653,8.9
辽宁省,2001,,,,6.35323265691364,7.92077805580473,0.0288135708504227,0.587064676616915,0.484901889101703,5.141,9.0
辽宁省,2002,,,,5.97629962805986,7.89990158050136,0.0313297646821429,0.587064676616915,0.478150386023282,5.839,10.25
辽宁省,2003,,,,5.61313868613139,7.52989622376909,0.0318207542003128,0.587064676616915,0.4829438870878,6.397,8.9
辽宁省,2004,,,,5.42426183681789,6.94631737169852,0.0326957417956119,0.587064676616915,0.491439571342926,7.048,10.4
辽宁省,2005,,,,5.54876756507717,6.02876216413697,0.0354951388553233,0.587064676616915,0.491257893991247,7.657,10.5
辽宁省,2006,,,,5.29375651138562,5.89724125812687,0.0351967816127214,0.589899321002107,0.50830134171349,7.95,11.5
辽宁省,2007,,,,5.19394724446538,5.83365452195797,0.035440581663615,0.592000930665426,0.524269322751986,8.178,12.9
辽宁省,2008,0.490991,,,5.29436495058268,5.63644975689946,0.0344038741922775,0.600463499420626,0.549589642815859,8.26,10.7
辽宁省,2009,0.42357,,,5.63669412456922,4.77771688680617,0.03515586449424,0.603547569684404,0.519726882318411,8.463,10.4
辽宁省,2010,0.368848,,44.0,6.18601680151756,4.34827368249776,0.0355588302577738,0.620603015075377,0.54053605977482,8.539,10.3
辽宁省,2011,0.336354,0.0477890447337949,45.5,6.10966853853494,4.18728317779741,0.0357522106396843,0.640557204841288,0.54673658257861,8.161,10.2
辽宁省,2012,0.320078,0.0577524197642495,48.95,5.95046273936483,3.91537734255548,0.036192794818574,0.656457142857143,0.5324905831542,8.052,8.9
辽宁省,2013,0.223363,0.0662954138072271,37.7,5.89758079157589,3.69583370210604,0.0370682701421632,0.664604810996564,0.52435764676139,8.486,8.7
辽宁省,2014,0.235229,0.0736647027877763,69.87,5.55627371851657,3.94168672706766,0.0334714975522046,0.670491050940799,0.502492438845297,8.625,5.65
辽宁省,2015,0.348951,0.0916885913105328,78.14,5.54256845333795,4.50960703854195,0.0254813897174157,0.680394190871369,0.454915159976192,8.575,2.8
辽宁省,2016,0.351572,0.0909798887732046,75.84,5.54582682126025,4.45497185126282,0.0243799892423757,0.688698867575688,0.386864686765347,8.217,0.5
辽宁省,2017,0.331012,0.100164097619407,51.82,5.70679048443311,4.44581528132442,0.0240264334000425,0.694805194805195,0.392998662066774,8.506,4.17
辽宁省,2018,0.306341,0.120855750030757,70.75,5.52879516075572,4.40459596981483,0.0241630611433114,0.7026334187835,0.396008745681968,8.753,5.6
辽宁省,2019,0.275504,0.139982688132128,59.83,5.4837875244595,4.32635520070182,0.0240522867170198,0.712181435585691,0.382635505802015,9.252,5.4
辽宁省,2020,0.264885,0.15712268058271,65.87,5.59952516177087,4.15874509699593,0.0244797856780858,0.721421034945447,0.374315149217837,9.564,0.6
辽宁省,2021,0.271628,0.127368815426404,73.39,5.69519814784319,4.68932050394526,0.0239310384128496,0.728093819454296,0.394256111310501,9.886,5.8
辽宁省,2022,0.0403,0.135247497608545,,5.9429474463501,4.60375664983877,0.0240313914928038,0.73004527043126,0.40572077404392,10.219,2.0
辽宁省,2023,,0.145013750351697,,6.06495950408649,4.59473929165691,0.0239411172278616,0.7350549976088,0.388438697888737,10.563,5.3
吉林省,2000,,,,6.92350597609562,6.71883991253309,0.011820080124608,0.496625275012119,0.439426968081309,3.981,9.2
吉林省,2001,,,,5.53536696415399,5.82330055448335,0.0148019670659294,0.497993161884941,0.415421982219917,3.698,8.4
吉林省,2002,,,,5.17511060368203,5.63427279245491,0.0164430024735695,0.508816774097948,0.41658647500149,4.344,7.0
吉林省,2003,,,,4.76791331702202,5.23177675146006,0.0166016563928122,0.517697969449273,0.429510007212405,4.46,9.2
吉林省,2004,,,,5.03899970229235,4.83516483516483,0.0178250416244104,0.522983201033782,0.441801916073299,5.304,9.0
吉林省,2005,,,,5.18757192174914,4.39932184053746,0.0186004948971833,0.525220913107511,0.436660801542426,5.865,8.6
吉林省,2006,,,,4.89779777732324,4.4914805946879,0.017771189625243,0.529698861549761,0.448008476955033,6.347,10.8
吉林省,2007,,,,4.86759198061247,4.61697745994388,0.0177528331393182,0.531635785509667,0.468419150413742,6.639,11.6
吉林省,2008,0.682151,,,4.91041484625307,4.09678676744738,0.0188539678614074,0.532098851222108,0.476903565148379,6.715,12.0
吉林省,2009,0.427035,,,4.83386163850855,3.67412334962581,0.0193867805645431,0.533200708145498,0.486611025244719,6.899,10.3
吉林省,2010,0.34933,,39.5,4.66730211788055,3.58679535599385,0.019886138574202,0.533499599504842,0.51990405626484,6.979,10.4
吉林省,2011,0.298618,0.0272411829667368,61.0,4.24489087684121,3.51294884954627,0.0201536342291226,0.53405504587156,0.530946187988642,6.795,10.5
吉林省,2012,0.28222,0.0325323981170998,52.0,4.44852477903188,3.51165425704111,0.0196200216636416,0.545307635285397,0.534101835627728,6.948,8.9
吉林省,2013,0.22037,0.0392923072526594,44.71,4.33639824952209,3.43480969538875,0.0195761278805467,0.557413793103448,0.52567988103998,7.336,8.5
吉林省,2014,0.211526,0.0454707857615134,65.05,4.31056167140151,3.42109328070025,0.0191931959799074,0.568077214231643,0.527893653183261,7.323,6.3
吉林省,2015,0.226293,0.0516376119538425,66.02,4.20140521339393,3.11398464455566,0.0182916806370697,0.576295445847685,0.498161504586817,7.618,6.1
吉林省,2016,0.198995,0.0571240513231749,67.73,4.65381470859234,2.9076236235008,0.0190998161915187,0.587491234904558,0.474050538682259,7.661,6.5
吉林省,2017,0.200938,0.0680024895005121,44.26,4.25441631553104,2.931513908721,0.0183455745656669,0.597121931908155,0.468299103417772,8.358,5.2
吉林省,2018,0.200376,0.0859973116549164,69.07,4.23730348636984,2.96966162566399,0.0171549078779107,0.608586956521739,0.425274401610123,8.262,4.4
吉林省,2019,0.193713,0.104669249615193,62.04,4.38987969018549,2.98132414031555,0.016467582860923,0.616180555555556,0.352595162200835,7.481,3.0
吉林省,2020,0.190327,0.115217383597319,58.52,3.80686073754312,2.9695893311882,0.0167990324611751,0.626455154362024,0.35140179931965,7.756,2.3
吉林省,2021,0.228248,0.0797982451082259,74.33,3.8250162960817,3.56082492074312,0.0150478074513683,0.633648652630959,0.360265951418534,8.04,6.5
吉林省,2022,0.0328,0.0815766560543574,,4.14061044160259,3.16965091579892,0.0155209253334803,0.637298791578104,0.3541108781809,8.335,-2.1
吉林省,2023,,0.0882800904335387,,4.09950975376057,3.07049252867695,0.0160469114488396,0.647201644859174,0.338846517677663,8.641,6.3
黑龙江省,2000,,,,4.92862674238513,7.477675648781,0.0173158936478462,0.519411610191752,0.574408238549032,3.569,7.7
黑龙江省,2001,,,,5.10796499494832,6.36335124511259,0.0216871512686396,0.523799527683023,0.589576210941763,3.421,8.9
黑龙江省,2002,,,,5.02570159690069,6.09679056912403,0.0241176430577945,0.525701547338054,0.596379082810954,3.863,9.9
黑龙江省,2003,,,,4.64717012175058,6.38986741250819,0.0229172878646813,0.525897771952818,0.624155863360773,4.234,9.8
黑龙江省,2004,,,,4.63919925512104,5.92746039710415,0.0244867024796319,0.527798155522951,0.664196619374395,4.839,10.4
黑龙江省,2005,,,,4.78695995624962,6.03764962743878,0.0232179044794207,0.531001714682129,0.538962946841504,5.578,10.6
黑龙江省,2006,,,,4.97498459009657,5.5029787409786,0.023960034366803,0.534999908449102,0.541760842267942,5.862,10.4
黑龙江省,2007,,,,5.10917462776487,5.15998888205716,0.0238496947149886,0.538996817493587,0.520211148648649,6.039,9.8
黑龙江省,2008,1.038463,,,5.11932817738241,4.62568890617908,0.0246402693223135,0.55405172233493,0.525102924214342,6.287,10.3
黑龙江省,2009,0.677813,,,5.38945495249849,3.84446195958972,0.0246099832594866,0.554998549402641,0.472891580295796,6.464,10.1
黑龙江省,2010,0.50503,,49.0,4.97443539307239,3.68721901946948,0.0250713887061643,0.555545410672127,0.501910576162645,6.171,11.7
黑龙江省,2011,0.416406,0.0304610932781866,49.0,5.01504110277489,3.55573211933803,0.0255756203397799,0.564912744579588,0.503141789858528,5.947,10.9
黑龙江省,2012,0.338795,0.0364188671364303,45.35,4.92793436713384,3.47335031782867,0.0251801922574751,0.568796992481203,0.440972480897019,6.665,8.7
黑龙江省,2013,0.315648,0.0496844809255396,44.16,4.74679478148159,3.51690915890513,0.0240291672402025,0.580387343153301,0.409426277991354,7.922,7.6
黑龙江省,2014,0.303068,0.0571414064779217,52.98,4.64033617987245,3.54397796297267,0.022625472409892,0.592211751662971,0.368659479313642,7.968,5.3
黑龙江省,2015,0.256623,0.0635931068673502,75.62,4.87447262499394,2.9074828510742,0.0228605354730163,0.604703882119581,0.318097651301043,7.629,5.4
黑龙江省,2016,0.259443,0.067017571173405,72.59,4.82413356308984,2.81382618857248,0.0225151674885613,0.610886514582732,0.286017435228833,6.787,4.4
黑龙江省,2017,0.229658,0.0765450824784076,65.3,4.84217555061713,2.65304627371215,0.0228528389694409,0.619005589879376,0.255340689796563,7.876,6.0
黑龙江省,2018,0.234496,0.0893368580143021,72.81,4.86062753983184,2.74688619233442,0.0211709486825801,0.634595731890592,0.246365579936461,7.975,4.5
黑龙江省,2019,0.222482,0.105515364951069,57.15,4.55124688958715,2.70263151593516,0.020981303690551,0.646205837173579,0.265576653531854,7.097,4.0
黑龙江省,2020,0.203936,0.11819633717948,57.61,4.68867283286728,2.50181212278026,0.0221810139839774,0.656120798130505,0.254298645837136,7.432,0.9
黑龙江省,2021,0.220597,0.0894035972475179,75.15,5.14556285783405,2.91062742785726,0.0207788808700997,0.656896,0.267171622130222,7.782,6.1
黑龙江省,2022,0.0309,0.0940129554770219,,5.11674112170583,2.90380209794956,0.0209247577797486,0.6621490803485,0.292365260046538,8.149,2.6
黑龙江省,2023,,0.0997090578627332,,5.34509114462848,2.74977321672172,0.0210340767599385,0.6621490803485,0.270166646730337,8.533,2.6
上海市,2000,,,,1.0,7.90751939003549,0.0275951508061207,0.890882735708315,0.475413906375312,5.374,11.0
上海市,2001,,,,1.0,7.42466179004152,0.032110605514405,0.890882735708315,0.452106669328154,6.659,10.5
上海市,2002,,,,1.0,6.7197755049978,0.0391046177076744,0.890882735708315,0.446729942188074,8.065,11.4
上海市,2003,,,,1.0,6.25114843261916,0.0441558704987231,0.890882735708315,0.467674400192405,8.853,12.3
上海市,2004,,,,1.0,5.85998133856047,0.0485321493501046,0.890882735708315,0.469255515104369,9.414,13.3
上海市,2005,,,,1.0,5.58666310303354,0.0485189040585577,0.890882735708315,0.48151856794043,9.307,11.5
上海市,2006,,,,1.0,5.90280523733411,0.0444198103393808,0.886915702277367,0.475620114564179,9.41,12.8
上海市,2007,,,,1.0,5.9031113637197,0.0438252478086673,0.886804064760926,0.454498595727072,9.472,15.2
上海市,2008,1.010809,,,1.0,5.60422063903281,0.0414412808147153,0.886183571268406,0.443210918082399,9.422,9.7
上海市,2009,0.534952,,,1.0,5.26563310086465,0.0391828668781216,0.885860614944713,0.398883457559757,9.451,8.4
上海市,2010,0.438523,,,1.0,5.42415884271047,0.0367501626718959,0.892880407876109,0.420501480253385,9.949,10.2
上海市,2011,0.134341,0.0795033249955328,63.5,1.0,5.11119114762138,0.035834866773964,0.893039049235993,0.413003648214782,10.318,8.3
上海市,2012,0.124828,0.0998936183422279,68.0,1.0,5.09213627085913,0.0332189070253762,0.892872030012505,0.389202208731466,10.068,7.5
上海市,2013,0.109856,0.116537428967867,54.76,1.0,5.12389011197696,0.0322982823878966,0.895833333333333,0.367939994912493,10.275,7.9
上海市,2014,0.0953,0.142977306396238,80.27,1.0,5.13254959946704,0.0324368141475381,0.892987434130523,0.346563729171705,10.766,7.1
上海市,2015,0.0655,0.16627892981038,85.91,1.0,4.34252433958485,0.0352037667978165,0.885272579332791,0.318069373433983,11.113,7.0
上海市,2016,0.0541,0.186083155784298,,1.0,4.31959230749219,0.036850854897715,0.890149979732469,0.29832089188091,11.225,6.9
上海市,2017,0.0479,0.200820954369085,69.19,1.0,4.36230228866848,0.037164742788862,0.890916463909165,0.304595470438896,11.233,7.0
上海市,2018,0.0419,0.227792208673735,79.31,1.0,4.31199515298975,0.037806174108198,0.891313131313131,0.297814526189976,11.379,6.8
上海市,2019,0.0428,0.25713254628375,80.03,1.0,4.64436967557047,0.0342432212025896,0.892382103990326,0.269927234262483,11.104,6.0
上海市,2020,0.0423,0.292185491783105,89.88,1.0,4.80903122766786,0.032978435318635,0.893007853003352,0.265873793105943,11.544,1.7
上海市,2021,0.04,0.272108323418854,86.81,1.0,5.17778731944309,0.0343174056571133,0.892975500415758,0.264938713267877,12.001,8.3
上海市,2022,0.0162,0.294416350123766,,1.0,4.77047801554349,0.0360503687323672,0.893333333333333,0.256611007596388,12.476,-0.1
上海市,2023,,0.31958738374224,,1.0,4.89896259899092,0.0350972500694953,0.893333333333333,0.245940697223769,12.97,5.0
江苏省,2000,,,,5.83749629775891,14.4664118522527,0.0268115892740946,0.415000736975996,0.516839077415766,6.124,10.57
江苏省,2001,,,,6.21484855118323,12.9609122306891,0.0330855229298309,0.426000065230508,0.518932328346467,6.253,10.15
江苏省,2002,,,,6.46221454326923,12.3300203429236,0.0390080328660531,0.446998852204443,0.523339162899447,6.97,11.66
江苏省,2003,,,,6.74703760947965,11.876622632865,0.0425023174489198,0.467700497472411,0.545461778512514,7.648,13.62
江苏省,2004,,,,6.84494991652755,11.2977500685955,0.0460576777598397,0.481800357572495,0.580934366418726,8.39,14.1
江苏省,2005,,,,7.23319645558677,10.8290307159077,0.0493187795679847,0.504991934888723,0.556761255765863,8.932,14.48
江苏省,2006,,,,7.67069267697935,10.5505029181671,0.0498048993722096,0.519000321330885,0.563462966923542,9.151,14.9
江苏省,2007,,,,7.44655041698256,10.1766834265307,0.0512987293434188,0.531999331877102,0.549855333593661,9.487,14.86
江苏省,2008,1.011369,,,8.02503274272864,9.52905166759559,0.0518829204574466,0.543018468324556,0.537854907917441,9.179,12.7
江苏省,2009,0.642514,,,8.70934593621957,8.58068482784714,0.0526522108211633,0.555999984635614,0.538822542683263,9.242,12.45
江苏省,2010,0.538613,,62.0,9.06352133977646,8.42152924465717,0.0546771174273006,0.605848775119642,0.525134047933784,10.261,12.7
江苏省,2011,0.476529,0.144483436638559,66.5,9.33897719938158,7.84979073310917,0.0569505341938725,0.620099713324193,0.513197748658274,10.428,11.0
江苏省,2012,0.458103,0.175547136505574,59.45,9.13087597120807,7.64149426481323,0.0557959848028991,0.630084975369458,0.501717407639393,10.597,10.2
江苏省,2013,0.387461,0.191815793387932,71.23,9.16485879822778,7.61039024321437,0.0556190942151212,0.643934326171875,0.486901910302298,10.76,9.7
江苏省,2014,0.365415,0.198446471324932,72.48,9.19718844984802,7.65191886644359,0.0558185508555623,0.657007607776839,0.474040503734003,10.733,8.6
江苏省,2015,0.341374,0.227504675983891,81.66,9.26535765180715,7.35538700067509,0.0550813215336992,0.674909200240529,0.457018032020478,10.578,8.6
江苏省,2016,0.346525,0.250577975442723,77.01,8.50368022899203,7.74906932105518,0.0531647563867868,0.689338981028517,0.4473480997381,9.639,7.8
江苏省,2017,0.33848,0.278875887296572,65.03,7.84366622602634,8.08488442269723,0.0522983202788146,0.70184138667933,0.450156958631304,9.656,7.2
江苏省,2018,0.316138,0.33215198829823,72.69,7.60566182994937,7.99560792118277,0.0527710821884589,0.711915699739522,0.445470509334157,9.746,6.7
江苏省,2019,0.301733,0.382380781291449,70.4,7.58324437448359,7.84637592406281,0.0526401900841909,0.72470775770457,0.444342412923139,11.494,5.9
江苏省,2020,0.283731,0.435630262725411,76.57,7.79744332106097,7.51433134403631,0.0556887171037756,0.734418904221411,0.430557526953636,11.934,3.7
江苏省,2021,0.27401,0.430164077063572,78.83,8.02388693590357,8.04870122301556,0.0593685915831206,0.739399675500271,0.444942688558852,12.39,8.9
江苏省,2022,0.0362,0.447269417545942,,8.14865832918647,8.19315942091231,0.0571915131605914,0.744216089254257,0.454839691525413,12.864,2.6
江苏省,2023,,0.464355559324275,,8.28970468265623,8.41227165489677,0.0555025738199438,0.744216089254257,0.44383655872384,13.356,5.8
浙江省,2000,,,,5.87362113577557,14.2935311847902,0.0195572968034045,0.560219599671402,0.527384143371646,6.667,11.04
浙江省,2001,,,,5.69220359658067,11.5983592834422,0.0270845661504139,0.560219599671402,0.501533786647105,7.396,10.65
浙江省,2002,,,,5.31768543469011,10.7223629817309,0.0340042125501345,0.560219599671402,0.497521762513349,8.294,12.64
浙江省,2003,,,,5.48181429182713,10.8761443848478,0.0363801954973539,0.560219599671402,0.509117961632227,8.938,14.7
浙江省,2004,,,,5.43342023207075,10.8022089675805,0.0373133044709338,0.560219599671402,0.51894202786577,9.59,13.1
浙江省,2005,,,,5.30999034951538,10.2947381729394,0.0372979533325396,0.560219599671402,0.534082643199122,9.533,12.9
浙江省,2006,,,,5.34289240598229,10.3968448086095,0.0364116921345985,0.565085374028944,0.5413739377942,9.874,14.0
浙江省,2007,,,,5.3818360538544,10.3166389010344,0.0362945159181099,0.572077052901123,0.541143015282826,9.966,14.5
浙江省,2008,0.575963,,,5.26265875568899,9.63723297322261,0.0352849679179635,0.575934310490369,0.539556318429796,9.009,10.05
浙江省,2009,0.550255,,,5.41058319738989,8.60561177379539,0.0347752612617076,0.579092029191546,0.517977760234185,9.021,9.0
浙江省,2010,0.47991,,62.5,5.20269875766324,8.54143546516703,0.0356930178818917,0.616174394245122,0.515755360934929,9.612,11.94
浙江省,2011,0.470669,0.11858637130123,42.5,5.1405198592661,8.2899294486271,0.0351731600245644,0.622980251346499,0.512257707189458,9.666,9.05
浙江省,2012,0.48238,0.166067061708069,65.7,5.29312713028438,8.2612665430046,0.0330431271291181,0.629023746701847,0.499528491435102,9.86,8.1
浙江省,2013,0.354252,0.167787417916913,63.43,5.52792904386846,7.89236587484964,0.0337379584215628,0.639349930843707,0.488567820496454,10.053,8.3
浙江省,2014,0.336283,0.184700026343125,78.09,5.36795397324122,7.75713867628504,0.0339924957288427,0.649575551782683,0.477311768616905,10.335,7.7
浙江省,2015,0.286463,0.230938386429526,80.03,5.51313999402728,6.54646869235237,0.0377874929844744,0.663157894736842,0.459624231313871,10.492,8.0
浙江省,2016,0.283318,0.266483177308177,82.06,4.96632509915902,6.77548585799784,0.0371454938587323,0.677206851119895,0.448550263950075,10.43,7.5
浙江省,2017,0.276363,0.291485535667663,60.1,4.88689873582016,6.95894729573245,0.0370795569885372,0.689141004862237,0.429453877723532,10.56,7.8
浙江省,2018,0.24123,0.328985905682654,67.83,5.02570060800895,6.72143210580414,0.039064593314756,0.700143472022956,0.418275303996733,10.802,7.1
浙江省,2019,0.207335,0.38345734197068,67.38,5.14787618096628,6.21325112926153,0.0420878280296395,0.715764705882353,0.426076321206112,10.827,6.8
浙江省,2020,0.208283,0.443026456641883,64.74,4.87133635476359,6.41629000566355,0.0410373241867652,0.721673391772181,0.408784780356502,11.137,3.6
浙江省,2021,0.191882,0.43200691904133,78.55,4.60468470426916,6.72206591439173,0.0448343529814021,0.726605504587156,0.424243495955971,11.456,8.7
浙江省,2022,0.0353,0.45182342681445,,4.72751948200103,6.49542594389313,0.0461242840779803,0.733769195681922,0.42726666786763,11.784,3.2
浙江省,2023,,0.481633351351335,,4.6858923538538,6.68279758343864,0.0449820033242671,0.742266485589256,0.411282663785292,12.121,6.0
安徽省,2000,,,,12.5473235065943,9.66179243824775,0.014667745877573,0.355060138004506,0.426666000007873,4.846,8.6
安徽省,2001,,,,13.017869750378,8.67459138187221,0.0183103094115807,0.355060138004506,0.435923754258212,4.682,9.2
安徽省,2002,,,,12.5304443225453,8.37827780939456,0.0207163149028597,0.355060138004506,0.441003891244732,4.68,9.9
安徽省,2003,,,,10.9291406418264,8.48927952073151,0.0205858429733123,0.355060138004506,0.453875761515128,5.152,9.4
安徽省,2004,,,,10.5420609884332,8.5267567702359,0.0211160291628886,0.355060138004506,0.455909667767664,5.676,12.4
安徽省,2005,,,,9.7133905462471,7.95991922138389,0.0210154469694916,0.355060138004506,0.415158770655886,6.385,10.97
安徽省,2006,,,,9.13820585090874,6.91352115971624,0.0232599332108445,0.371,0.433231901840491,7.065,12.53
安徽省,2007,,,,7.44451759636102,6.38479534984684,0.0249858631796848,0.387000653808434,0.446835449916587,7.421,14.17
安徽省,2008,1.003814,,,7.41115860517435,5.77835386399373,0.026315066335254,0.405052974735126,0.467409502850313,7.294,12.67
安徽省,2009,0.617971,,,8.7119498901814,5.07241166803616,0.0280723717570907,0.420999836894471,0.487459777676635,7.476,13.1
安徽省,2010,0.524669,,55.5,8.14430945486592,5.12047797001867,0.0287914791081219,0.430103194548669,0.520790366468085,7.676,14.3
安徽省,2011,0.42351,0.0384333515426312,49.0,6.95527385289225,4.93035098501661,0.0302339296749161,0.447699263228399,0.543073660269335,7.783,13.4
安徽省,2012,0.388181,0.0507959960332409,63.05,6.92363223212725,4.6305613972194,0.0314483255138803,0.465777852124456,0.54641015916175,7.999,11.2
安徽省,2013,0.345694,0.0603063918240438,71.44,6.89496710787033,4.73229126673395,0.0310222156290363,0.481940547762191,0.541046130548422,8.273,10.3
安徽省,2014,0.333207,0.0723530361158879,79.8,6.67453741467394,4.82830556806243,0.0307282194696254,0.498540937135234,0.531334972120631,8.839,9.2
安徽省,2015,0.33707,0.0928390186851726,79.95,6.78048559521653,4.54879834167142,0.029787789554075,0.516140409249709,0.497455756549574,8.947,8.73
安徽省,2016,0.326108,0.105357120141817,87.24,6.42315520148863,4.76334205451797,0.0294156950424971,0.533946626885463,0.48433972669191,8.49,8.8
安徽省,2017,0.307427,0.120006432781737,70.93,6.42655437462448,4.78354430583786,0.0305477757175069,0.552385669473337,0.475175014804945,8.738,8.6
安徽省,2018,0.307948,0.148853500759227,82.75,6.54003841140003,5.17500361373371,0.0297511413661664,0.569289005924951,0.461298131558093,8.859,8.02
安徽省,2019,0.284686,0.177060592330745,70.55,6.58449945219878,4.98436193728001,0.0309481304758129,0.583191070256074,0.413264758993781,9.194,7.3
安徽省,2020,0.295478,0.202224387938376,76.36,6.4186799501868,5.09280011346622,0.0304201380150353,0.583071242767938,0.405156017365798,9.528,3.7
安徽省,2021,0.304254,0.182196653990948,83.35,6.20325728107737,5.60728752939317,0.0308989998900978,0.593980042532308,0.409998323991136,9.875,8.2
安徽省,2022,0.040481,0.193158142257707,,6.0715124114246,5.32325430977902,0.0321616266257976,0.60159947772156,0.412654012654013,10.234,3.3
安徽省,2023,,0.209161049751575,,6.12437116499214,5.44342210452394,0.0314743189334438,0.615095572618853,0.401095841498302,10.606,5.8
福建省,2000,,,,6.6348751534998,11.6123758405824,0.0146999408247801,0.419967212057048,0.436512613295171,6.371,9.3
福建省,2001,,,,6.93491559691674,10.9137436694445,0.0169222990819906,0.427529038886857,0.467537473759161,7.022,8.7
福建省,2002,,,,6.84033035099794,11.2375490492001,0.0180273566361268,0.456555323170398,0.483473044509854,7.251,10.16
福建省,2003,,,,6.59233347908468,11.0537254034933,0.0183489216002467,0.463737656982621,0.500179586529606,7.843,11.5
福建省,2004,,,,6.73549732759744,11.0553921189131,0.0181374660413966,0.476325408744439,0.511912342647939,8.264,11.4
福建省,2005,,,,6.47809939923539,10.8174414487329,0.0174790776851827,0.494181143531793,0.48823971843062,8.463,11.59
福建省,2006,,,,6.62093403598037,10.2492109235625,0.0180269863020137,0.504112126588776,0.493642411176381,8.696,14.86
福建省,2007,,,,6.36410650639458,10.2407098304489,0.0182927943898669,0.513893965068501,0.491907362575458,8.886,15.05
福建省,2008,1.009109,,,6.38451178451179,9.60851527616637,0.0181765721412063,0.530125647198496,0.500394067824016,8.1,12.9
福建省,2009,0.541286,,,6.88390462723682,8.79580966412149,0.0185035556389108,0.550754525516383,0.490768216152782,8.181,12.28
福建省,2010,0.457596,,69.5,6.45945430988492,8.85056250700553,0.0188607047898973,0.571080422420796,0.510468124029661,9.022,13.92
福建省,2011,0.412646,0.0587756392069592,65.5,6.05059179741261,8.15115231691672,0.0201210477575793,0.581131078224101,0.516463954241927,9.019,12.34
福建省,2012,0.388563,0.0747242209457824,64.75,6.34845275485112,7.74331735378715,0.0207021716121502,0.593074720124967,0.517107591293782,9.237,11.54
福建省,2013,0.32026,0.0794807437093149,66.7,5.74853888805635,7.33309436913451,0.0218868414352256,0.607979407979408,0.517424842776067,9.376,11.0
福建省,2014,0.310893,0.0911895460362786,75.87,5.75268349541588,7.54289775304684,0.021785339791216,0.620025348542459,0.520264585280199,9.622,9.92
福建省,2015,0.251333,0.123098563836732,84.18,5.51234967558856,6.70222762009006,0.0227520510409019,0.632279116465863,0.502883391801791,10.297,8.9
福建省,2016,0.239728,0.160225013650642,79.83,5.1515188027906,6.92552743602938,0.0227711390805081,0.643924302788845,0.489176892655406,10.052,8.45
福建省,2017,0.226722,0.209817381175822,67.65,4.98918901646678,7.22487537760319,0.0230649171440067,0.657810578105781,0.47710667641536,10.209,8.15
福建省,2018,0.227792,0.227774776811025,69.52,5.22588563519183,8.00543796519123,0.0218768657697799,0.669834307992203,0.481296524079406,10.263,8.35
福建省,2019,0.227302,0.250194761642579,61.96,5.34654017857143,8.33540438722078,0.021259167095547,0.678704375151076,0.485475645712938,10.153,7.45
福建省,2020,0.232537,0.248835147917794,67.76,5.48255202858945,8.36038419508828,0.0212313602833746,0.687427909569764,0.463029585761079,10.477,3.2
福建省,2021,0.252968,0.234093862932055,72.29,5.62514320299159,9.52329808327825,0.0211855596667114,0.697000238834488,0.468471883041319,10.811,8.34
福建省,2022,0.046303,0.241552086845192,,5.65677026906142,9.09560691732177,0.0218429234043461,0.701289398280802,0.472194449622387,11.155,4.2
福建省,2023,,0.240178622905942,,5.83081898696388,9.27657998528857,0.0213361272732715,0.710494860148219,0.440922746899555,11.511,4.5
江西省,2000,,,,9.39344262295082,8.9636192777554,0.0101332462709409,0.276869125090383,0.349842991008802,4.225,8.0
江西省,2001,,,,10.0169827242267,7.66874625497868,0.0128648288339761,0.304082656473961,0.362240770701574,3.919,8.8
江西省,2002,,,,9.96729927007299,7.17821782178218,0.0154798747571209,0.322032212221696,0.388401456041265,4.277,10.5
江西省,2003,,,,9.65142712806264,7.36116199947658,0.0155010456410662,0.340218617771509,0.437192999953694,4.611,13.0
江西省,2004,,,,8.70013412531136,7.48381271197639,0.0159392618850285,0.355763305322129,0.461636821245697,5.267,13.2
江西省,2005,,,,7.44095527114395,6.98856281585247,0.0166208472196516,0.370999990721927,0.472660448239482,6.116,12.9
江西省,2006,,,,7.45892685016601,6.74401240595026,0.0172289204613345,0.386798736152178,0.48142839065414,6.52,12.3
江西省,2007,,,,7.74482286496663,6.38366517136985,0.0181807042195521,0.398000645543802,0.489792681349942,6.917,13.2
江西省,2008,1.008338,,,8.1667679017345,5.73041229019809,0.0193324584703702,0.413626963023568,0.489865945589258,6.612,13.3
江西省,2009,0.55528,,,8.59625859697386,4.88360631604549,0.0204766898213406,0.431800747265442,0.511999717838117,6.748,13.2
江西省,2010,0.468952,,54.5,8.28884196009137,4.87879953828396,0.0213994767795326,0.440584906717463,0.542031432845991,7.214,14.0
江西省,2011,0.382481,0.0223029802006357,54.5,8.46644620369442,4.57054367553066,0.0232004693184183,0.457492177022798,0.546069238012718,7.181,12.48
江西省,2012,0.333619,0.0301953986663553,66.95,8.73844461810078,4.24205589523122,0.0239710107669553,0.473953072625698,0.536153705957581,7.293,10.95
江西省,2013,0.293796,0.0381995258370786,50.18,8.27503159501157,4.12073884102239,0.0247503603469315,0.490352993744415,0.532358004995076,7.167,10.05
江西省,2014,0.272372,0.0473282034415783,69.15,8.20589229858821,4.03528472454735,0.0255801671779582,0.50546875,0.524856773592506,7.77,9.7
江西省,2015,0.258458,0.0649869584533327,71.93,8.12355020435215,3.80299373378205,0.0250887306565236,0.522945373467113,0.50297062027843,8.323,9.1
江西省,2016,0.253079,0.0687201040863904,66.55,7.9165380790728,3.98245766015507,0.0245926597722641,0.539857651245552,0.477298232336883,8.553,9.0
江西省,2017,0.23887,0.0833810019245455,56.41,7.82623407643312,3.95400931630235,0.0251690556523758,0.557060518731988,0.481247166518963,8.82,8.8
江西省,2018,0.217345,0.107267534553367,74.9,7.53248893555376,4.00819053130823,0.0256560164809956,0.573463328163084,0.466241190496334,8.947,8.7
江西省,2019,0.209846,0.137403811315294,68.12,7.65702365395451,3.86223147742218,0.0267388578428296,0.590693091231178,0.441879430475614,9.056,7.9
江西省,2020,0.208186,0.156732112249893,69.87,7.96268060178723,3.86300433917484,0.0271658513142127,0.60436778811581,0.431459042874102,9.424,3.8
江西省,2021,0.219935,0.127698659942157,76.6,7.79171503775819,4.40011388328733,0.0275930606945004,0.614601319342985,0.445082158158253,9.806,8.9
江西省,2022,0.0338,0.135955742651396,,7.76225719884137,4.28227469347942,0.0279754776126942,0.620700621469176,0.447692418011704,10.205,4.3
江西省,2023,,0.145768397766386,,8.09559721246826,4.29742635675468,0.0272842465381807,0.631300927351213,0.425666379918075,10.619,4.1
山东省,2000,,,,11.2039473684211,13.502479284922,0.0278001101883404,0.38148366303623,0.496860381811286,5.46,9.49
山东省,2001,,,,10.7113624737111,12.0409137944758,0.0341801511348719,0.38148366303623,0.506198126902385,5.479,9.4
山东省,2002,,,,11.1051612903226,11.7080113867426,0.0390261708644797,0.38148366303623,0.516718625603781,6.068,11.0
山东省,2003,,,,11.4248247795614,10.7884113037283,0.0409996774841328,0.38148366303623,0.551148147688181,6.56,10.8
山东省,2004,,,,11.716776672249,11.1892010055744,0.0417514863854917,0.38148366303623,0.58078903782759,7.173,12.5
山东省,2005,,,,12.1517487153986,10.8765336952593,0.043213023883092,0.450034493273271,0.578684337614411,8.287,12.6
山东省,2006,,,,12.4740781058647,10.3454708089711,0.0453566594834144,0.461004564444172,0.582241523931984,8.114,12.3
山东省,2007,,,,12.567229692188,10.044034750315,0.0454356902735663,0.467501230387201,0.573246754556694,8.4,11.9
山东省,2008,1.091366,,,12.2205855774444,10.0220360414987,0.0432104978443159,0.47599984284126,0.57226941339554,8.312,9.7
山东省,2009,1.005273,,,12.5718297937827,9.04032536945285,0.042826644795087,0.483199599590721,0.557631211343894,8.469,9.8
山东省,2010,0.723494,,60.0,12.3070961995249,8.18389734211815,0.0461203754227021,0.496677047850094,0.542214280754211,8.711,10.4
山东省,2011,0.661631,0.0835620358473373,36.5,12.6034821608547,7.80974676483936,0.0457864639641681,0.508639420589757,0.529456139906111,8.668,10.7
山东省,2012,0.577115,0.0990138800038461,43.25,12.6796229089269,7.27532466652666,0.0468787675272763,0.52029254223321,0.514578387043111,8.908,9.7
山东省,2013,0.507158,0.147239580467027,51.95,12.8799198952476,7.07814555675159,0.0477048699791245,0.534578288528627,0.49651115546678,9.233,9.4
山东省,2014,0.486102,0.148435216398063,77.83,12.5607007227735,7.0743495822251,0.0472858551235045,0.547716150081566,0.484431464097132,9.477,8.5
山东省,2015,0.441014,0.159028803065352,79.29,12.5345802060227,6.7016646040429,0.0469076336367012,0.569734441516319,0.468012864815769,9.728,7.8
山东省,2016,0.427708,0.179826334430377,82.83,11.8112538110784,6.71171793709117,0.0466309829697935,0.591296500551489,0.460770378432826,9.191,7.4
山东省,2017,0.416455,0.19943420843029,70.76,11.1004004508069,6.80593839108269,0.0455886828743895,0.607893949965115,0.453544831385567,9.494,7.32
山东省,2018,0.397009,0.229939197308547,77.84,9.91992143383255,6.59827382743818,0.0457255371368566,0.614567827726506,0.43993546722511,9.732,6.3
山东省,2019,0.394049,0.251762749413124,70.66,8.96983262619851,6.56816353438066,0.0449628790483666,0.618642390659014,0.398366455116704,10.104,5.3
山东省,2020,0.38864,0.293664025990569,76.53,8.71626319056487,6.4804442418761,0.0457243746037259,0.63051145603674,0.391256409905783,10.468,3.5
山东省,2021,0.38959,0.30688270496358,82.55,9.06093400685382,7.07539212304792,0.0476778481965865,0.639430323923622,0.399384325821129,10.845,8.3
山东省,2022,0.0518,0.333406016600429,,9.89631763179582,7.22067537718605,0.0465497267878688,0.645393636983545,0.400459312106923,11.236,3.9
山东省,2023,,0.35756335264044,,9.21543408360129,7.31764445935141,0.0458145994649974,0.645393636983545,0.390880939993722,11.64,6.0
河南省,2000,,,,9.09801919542577,11.3415482683545,0.0202025560974283,0.3065,0.469820891222852,4.325,9.1
河南省,2001,,,,8.51681660157951,10.8793110228479,0.0230615580994098,0.3065,0.480577479527418,3.953,8.67
河南省,2002,,,,8.79725950782998,9.59264439429098,0.0285301646250082,0.3065,0.48895199718995,4.049,9.1
河南省,2003,,,,8.51169972680841,9.6879709740441,0.0290710528824602,0.3065,0.517194985220671,4.669,10.91
河南省,2004,,,,8.12520775623269,9.55861630074094,0.0308899988731659,0.3065,0.527877116459488,5.401,12.8
河南省,2005,,,,8.16893573415313,9.17843446471453,0.0328921541466796,0.3065,0.520819992028275,6.557,14.31
河南省,2006,,,,7.67393157838644,8.31746626946927,0.0356257481867256,0.324699744463373,0.543939515271229,7.137,14.51
河南省,2007,,,,7.77218713644673,7.92495496121586,0.0375765221312801,0.343399572649573,0.551730362645429,7.287,14.62
河南省,2008,1.068702,,,7.88120898100173,7.77341438720903,0.0364517181407532,0.360300137872521,0.581508036449144,7.133,12.03
河南省,2009,1.006536,,,8.23044894490865,6.60102692583007,0.0380833901158232,0.376998118487833,0.565207392433238,7.403,10.96
河南省,2010,0.748673,,42.0,8.00407685098407,6.63175396792871,0.038010257898377,0.38818049496729,0.572759995080624,7.422,12.4
河南省,2011,0.596741,0.0434071555384728,56.5,7.49906456281549,6.19435513860319,0.0388915876467616,0.404700348800338,0.572836612636056,7.445,12.0
河南省,2012,0.529307,0.0533152488382591,59.5,7.14485514485514,5.78497523170342,0.0397481694953283,0.419900335711288,0.563263130120263,7.373,10.15
河南省,2013,0.497269,0.0631070536568017,45.28,6.839725053911,5.66656097565345,0.0398133256687547,0.436000208920923,0.55314292992206,7.863,9.02
河南省,2014,0.483602,0.0767749274777735,76.15,6.56355401683161,5.73504359985337,0.0397184686079493,0.450499740798341,0.509944404755363,8.27,8.9
河南省,2015,0.453548,0.0998987787896553,84.46,6.1475832263431,5.45406546213976,0.0386595190512138,0.470199979383569,0.484224974974434,8.368,8.4
河南省,2016,0.438386,0.113629379696954,69.5,5.6402351819482,5.39987979188971,0.0396992445642387,0.487800163632645,0.476277920991387,8.198,8.23
河南省,2017,0.419505,0.131246154857309,71.97,5.42296445427242,5.45612450581339,0.0404535055655626,0.505599755824601,0.473718953431241,8.432,7.84
河南省,2018,0.38962,0.177723472064829,65.31,5.22742636133701,5.41737499362641,0.041727286855162,0.522399635036496,0.458525349457902,8.615,7.6
河南省,2019,0.370524,0.207349931780303,69.59,5.31956329455113,5.2851406886903,0.0425521199026854,0.54009998990001,0.435055990504836,8.607,6.8
河南省,2020,0.379179,0.235795454695627,74.77,6.02999104744852,5.23099645510751,0.0422204125439603,0.554290893325434,0.415937249020721,8.872,1.1
河南省,2021,0.41898,0.210471778556714,65.78,6.02317721799512,5.93516749810155,0.0398264766579966,0.564504705049074,0.413188559861702,9.145,6.0
河南省,2022,0.0515,0.213417712129872,,7.31026977293482,5.46834480005636,0.0408622658683414,0.570603727714749,0.415110579329074,9.426,2.4
河南省,2023,,0.231338774355135,,7.27322620128716,5.35011861526853,0.040246237258985,0.580845644421803,0.375010992281727,9.716,4.1
湖北省,2000,,,,4.46290693452741,9.61412262385769,0.0167218741993774,0.404730782855119,0.496618587944775,3.997,8.6
湖北省,2001,,,,4.05016722408027,8.01094137076796,0.0219651160945262,0.408006362672322,0.596222680922451,4.098,8.9
湖北省,2002,,,,3.47411684782609,8.23793973288488,0.0231889775383562,0.413998589562764,0.580620581937989,4.531,9.2
湖北省,2003,,,,4.58855493292579,8.80301236029901,0.0219245880823288,0.42,0.542429242556412,5.319,9.7
湖北省,2004,,,,4.53187013533413,8.58252487273515,0.0226872782532597,0.425991575991576,0.531607032542551,5.987,10.8
湖北省,2005,,,,4.40253279059249,8.30812101910828,0.0229505916249439,0.43199649737303,0.426392865759561,6.704,12.1
湖北省,2006,,,,4.06113028974826,7.19369627507163,0.0259012689147913,0.437999297382751,0.441758221561752,7.148,13.3
湖北省,2007,,,,4.15756924779481,7.39934081247602,0.0256588059584563,0.443000526408142,0.424998392868622,7.339,14.6
湖北省,2008,1.021842,,,4.36720652058855,6.96699953947209,0.0263653917248444,0.451999649798634,0.43813620362753,7.242,13.4
湖北省,2009,0.730758,,,4.15161623381781,6.30923229965757,0.0274039569892135,0.46,0.465861693837714,7.561,13.7
湖北省,2010,0.587847,,42.0,4.28652214891612,6.48712720876309,0.0278322490023829,0.496605219006584,0.486437231370255,7.606,14.7
湖北省,2011,0.496404,0.0417342326580314,45.5,4.20205479452055,6.20345657813696,0.0294261330137662,0.517800347222222,0.499990322051562,7.482,14.1
湖北省,2012,0.436767,0.053058600338426,52.45,4.24571170459037,6.00855366922089,0.029850745083661,0.532300640027677,0.503050500102245,7.835,11.2
湖北省,2013,0.375399,0.0620057636874341,47.35,3.89324772014819,5.80513078585889,0.0311788354927998,0.545100034494653,0.490950446175212,8.325,10.1
湖北省,2014,0.340525,0.0744929238313488,72.72,4.19891924091567,5.72380247864374,0.0325073742192604,0.557300550206327,0.469421700106869,8.776,9.7
湖北省,2015,0.284532,0.100780303885948,79.37,4.5834161653152,4.94778927870285,0.0348698985664874,0.5718,0.456970252643542,8.87,8.6
湖北省,2016,0.278568,0.107890898485948,79.64,4.21267413490044,5.19276099256109,0.0342093303296351,0.585699235344095,0.448621139567334,8.63,8.1
湖北省,2017,0.276492,0.121326316668578,68.76,3.93527669127688,5.47472086054643,0.0334896402495323,0.59880081300813,0.435247500640536,8.675,7.8
湖北省,2018,0.262974,0.143492022747322,63.48,3.76210665989395,5.78953386964111,0.0328571041202353,0.61,0.434098238225092,8.951,7.8
湖北省,2019,0.251772,0.180324439455504,68.0,3.56274194269367,5.6998498157514,0.033367932637236,0.61829930825038,0.41674283865148,9.438,7.3
湖北省,2020,0.245477,0.200845799611459,75.78,3.5064560741919,5.09358181094603,0.0343654889878066,0.632227585498614,0.391863355266823,9.808,-5.4
湖北省,2021,0.272009,0.183893696175521,80.25,3.58022446152249,6.31374887032105,0.0322936179392933,0.640901613896422,0.378960228261109,10.192,12.9
湖北省,2022,0.0384,0.203915784331322,,3.87912196657895,6.11578096608599,0.0330984449483658,0.646646132785763,0.395285000995629,10.591,4.0
湖北省,2023,,0.217873837282436,,4.21902562520417,6.00098719549374,0.0338612280532719,0.654676258992806,0.362261574522074,11.006,6.0
湖南省,2000,,,,8.39560704803283,10.2104476324641,0.0157723499817486,0.297502285888449,0.395966282761086,4.011,9.0
湖南省,2001,,,,8.25032680238203,8.87630298818624,0.019575434801831,0.307999727101132,0.410501317884078,3.762,9.0
湖南省,2002,,,,8.52150279776179,7.78863832501595,0.0241697898032707,0.319975863629507,0.418447130462431,4.443,9.0
湖南省,2003,,,,7.31637337413925,8.12200435729848,0.0232759092817632,0.335000300174101,0.3850244313829,5.027,9.6
湖南省,2004,,,,7.15604177026355,7.70297690190955,0.0252586365166573,0.35498357718722,0.392490880796322,6.034,11.1
湖南省,2005,,,,6.56459977452086,7.2930548876829,0.025741608969923,0.370060069554221,0.393673534361213,6.746,12.2
湖南省,2006,,,,6.36712722052754,6.9811746139105,0.0263346884290101,0.387100283822138,0.409914848731965,7.155,12.8
湖南省,2007,,,,6.22005775312829,6.84251637767772,0.0272598071366084,0.404500393391031,0.414894698927921,7.187,15.1
湖南省,2008,0.789332,,,6.77471599631563,6.40566048424559,0.0282017092738989,0.4215,0.426921678926871,6.717,14.1
湖南省,2009,0.667305,,,7.03782475802343,5.77839706121858,0.0289704066569917,0.431999687792694,0.435476646076591,6.869,13.9
湖南省,2010,0.571473,,52.0,6.70041901172737,5.76296586838756,0.0300695995378427,0.433025168643304,0.457863094807569,7.159,14.6
湖南省,2011,0.472924,0.0373617480330091,45.5,6.75912380732976,5.37241959122462,0.0322272880760334,0.449699133870233,0.475963366745367,7.016,12.75
湖南省,2012,0.417882,0.0478275848034196,57.7,6.59440940091576,5.14862830784171,0.0327026825965279,0.462198786039454,0.474240013758095,6.924,11.4
湖南省,2013,0.357817,0.0547739065016376,47.75,6.68389330597589,5.01934600896632,0.03345567180008,0.4763,0.467772900863345,7.417,10.06
湖南省,2014,0.348023,0.0646740290326977,70.72,6.25312196216257,5.15832964614998,0.0330557136001607,0.489798820148238,0.461660401252787,8.132,9.51
湖南省,2015,0.322548,0.0796764837751993,77.03,6.19321081081081,4.98167129830049,0.0325721664540095,0.507898715041572,0.443247063506094,8.724,8.5
湖南省,2016,0.306101,0.0944474682956333,77.22,6.08697656107468,4.86712750585251,0.033762897977638,0.526999245283019,0.422839642145492,8.18,8.0
湖南省,2017,0.284388,0.107121012683526,65.5,5.8087180788094,4.92446927602014,0.0338251147337016,0.546199306497814,0.417234660336443,8.447,8.0
湖南省,2018,0.279932,0.129882555754555,60.83,5.75005189154283,4.85716501261429,0.0338590772386193,0.560899773926149,0.396794248469079,8.683,7.8
湖南省,2019,0.275109,0.16256512424722,64.93,5.63431464676924,4.96539887135599,0.0336367530264901,0.5745,0.376004600509357,8.75,7.6
湖南省,2020,0.272015,0.183923587488998,76.62,5.59749671935679,4.94370550021242,0.0342036925170211,0.587652927633064,0.381453366071914,9.037,3.8
湖南省,2021,0.290976,0.152437935462004,75.7,5.40059289434934,5.49078133445439,0.0338885429005222,0.597102083962549,0.393505864781137,9.333,7.6
湖南省,2022,0.0417,0.162430818804889,,5.74081570109688,5.28921961695403,0.0345098324281529,0.603119321623259,0.394132778855321,9.638,4.2
湖南省,2023,,0.176036276741462,,5.88944142903684,5.21994297117665,0.0348882726257319,0.611601705237515,0.376358899403954,9.954,4.6
广东省,2000,,,,4.17757153905646,10.0064795616114,0.0489871061503685,0.550000404622874,0.503895063561931,6.703,11.71
广东省,2001,,,,4.19502868797289,9.17757108368084,0.0599157036523127,0.550000404622874,0.443682822475582,7.773,10.53
广东省,2002,,,,4.65631983347109,8.9422647066558,0.0689733666165604,0.550000404622874,0.439597336148405,8.246,12.37
广东省,2003,,,,4.58166932367802,9.42410785371809,0.0687883748242897,0.550000404622874,0.46117046521726,8.717,14.8
广东省,2004,,,,4.53776264877308,10.0695107801074,0.0650457105005145,0.550000404622874,0.471267907861383,8.983,13.16
广东省,2005,,,,5.22129969663101,9.59472624253518,0.0674639289743557,0.606800087013269,0.502715077156601,9.374,14.18
广东省,2006,,,,5.03826042344955,10.167545254451,0.0631659464860488,0.629999565773183,0.505188101592613,9.638,14.88
广东省,2007,,,,5.06593018967756,10.0464936684422,0.0634689497171129,0.631399903928974,0.501592188818268,9.881,15.0
广东省,2008,1.054235,,,5.29693698745356,9.71378061012499,0.060367621379248,0.633700174256177,0.500116450628331,9.257,10.49
广东省,2009,1.000178,,,5.48709995948957,9.10506025097073,0.0568069983812567,0.633999954591177,0.491855138066022,9.244,9.86
广东省,2010,1.006807,,54.5,5.54735398845823,8.47445559748706,0.0603236792421759,0.661802171447836,0.500173863681311,9.835,12.5
广东省,2011,1.008787,0.154231676545909,62.5,5.68245502645503,7.90668017400632,0.0614419751648981,0.665700074377092,0.49703515937146,9.888,10.22
广东省,2012,1.001192,0.197557188607369,58.7,5.4983515052283,7.71640231406659,0.0586557029977141,0.671499864142741,0.48540353319343,9.936,8.26
广东省,2013,0.580468,0.235475478763574,69.79,6.06797342240627,7.43114968493639,0.0599876900781031,0.680899733806566,0.471029834594082,10.237,8.54
广东省,2014,1.005312,0.264358622960322,80.34,6.37272841208171,7.44845203132648,0.0602998071753334,0.686199843328401,0.463350825875592,10.445,7.81
广东省,2015,0.295665,0.302576392500407,78.7,7.42469844650754,5.8258158062957,0.0729358804128572,0.695100188388423,0.447910971391608,11.076,8.04
广东省,2016,0.309247,0.349350382970709,87.94,6.91760257234727,6.11056448380161,0.0716150033865905,0.701499832045683,0.434230401097472,10.49,7.52
广东省,2017,0.27978,0.394457040568328,73.82,6.87896212734617,6.09468474771039,0.0740450733334026,0.70739971995717,0.423699487755619,10.61,7.49
广东省,2018,0.22754,0.51386639694179,75.08,6.27618926014891,6.35409421676544,0.0712040105361543,0.71810009718173,0.418339667942635,10.854,6.81
广东省,2019,0.197914,0.583789040892172,77.26,6.03694862371873,6.24279317949919,0.0724188564126934,0.726500120105693,0.404439465494306,11.342,6.15
广东省,2020,0.215709,0.645758996077523,83.28,5.90343928335563,6.37673909214671,0.0709494416352914,0.741523225131321,0.392287840821864,11.673,2.25
广东省,2021,0.217048,0.665708955704111,81.81,6.03969641001198,6.83506503257246,0.0742735668958331,0.746300063071586,0.403789669027102,12.014,8.1
广东省,2022,0.0525,0.702319377146464,,6.13180697778293,6.98823940758902,0.0711300295695157,0.747850957588016,0.409263266485231,12.364,2.0
广东省,2023,,0.746633543826163,,6.23459357595948,7.32298700871106,0.0674635192529801,0.754210609161026,0.401238417019721,12.725,4.8
广西壮族自治区,2000,,,,11.9726725335804,8.04673294905025,0.0117212280331835,0.28141443906546,0.364853131981231,4.375,7.6
广西壮族自治区,2001,,,,13.6600240842171,6.48172899189535,0.015945567866722,0.281954887218045,0.347403195661902,3.76,8.3
广西壮族自治区,2002,,,,12.2194412107101,6.01081312818559,0.0190385500484058,0.283077561177934,0.342334560353128,4.528,10.6
广西壮族自治区,2003,,,,8.44952380952381,6.30793507664563,0.0179959797078696,0.290508544368952,0.35729198790547,4.788,9.1
广西壮族自治区,2004,,,,8.16918866709594,6.51289731412694,0.0178141594256165,0.317038249130702,0.375203145478375,5.284,10.3
广西壮族自治区,2005,,,,8.31380013596193,6.11974226466933,0.0180216608881506,0.336266094420601,0.379177229487212,5.856,11.1
广西壮族自治区,2006,,,,7.83755908895574,6.05576269327777,0.0180472719185468,0.346399660945115,0.395806293930251,6.028,11.1
广西壮族自治区,2007,,,,8.35542372881356,5.55287340000406,0.0198054090537922,0.36239932885906,0.416472479183159,6.048,13.0
广西壮族自治区,2008,1.003288,,,7.81015173410405,4.97675601915027,0.020723036854481,0.381600913621263,0.432664862555191,6.658,10.3
广西壮族自治区,2009,1.017164,,,7.96767379022353,4.38575180969528,0.0212558517419348,0.391999588138385,0.435812639512525,6.732,11.5
广西壮族自治区,2010,0.449416,,,7.68367268830374,4.26003317410427,0.0223377887481786,0.400216919739696,0.471447305861638,6.511,11.7
广西壮族自治区,2011,0.366303,0.0270783006414673,,8.41943700175317,4.04666677143576,0.0232982287330481,0.41890440386681,0.48420637717166,6.451,11.5
广西壮族自治区,2012,0.292497,0.0333209752754439,,7.92868715306366,3.78650891221112,0.0237011481348951,0.434810396250533,0.479277563655054,6.759,10.1
广西壮族自治区,2013,0.27756,0.039220302918875,47.83,7.66890535372849,3.87961367170822,0.0228844015602077,0.451067427605157,0.474954151931847,7.534,10.0
广西壮族自治区,2014,0.257782,0.0473509731104824,60.47,7.47088754347546,3.90477586291127,0.022925698597416,0.465408805031446,0.467364985015527,7.769,8.3
广西壮族自治区,2015,0.268005,0.0552737018617741,61.56,7.71854116038882,3.63983854424168,0.0231155421176878,0.479941800041571,0.459290893595951,7.606,7.9
广西壮族自治区,2016,0.268485,0.0629483034120717,79.92,7.56703805921837,3.62847558367292,0.0236568668320842,0.492485073090385,0.451677181121586,7.515,7.0
广西壮族自治区,2017,0.255001,0.0777947556547059,62.1,7.59402509398642,3.62443084006478,0.0241698705308784,0.505808029345832,0.402242909725394,7.719,7.1
广西壮族自治区,2018,0.264404,0.10222744871729,56.32,7.60861903465666,3.69586912558325,0.0240409267133213,0.518293915504346,0.396655744180939,7.799,6.77
广西壮族自治区,2019,0.25184,0.129628329767809,64.55,7.41378611251901,3.62967786482902,0.0244955200858149,0.529706945002007,0.333257208833204,7.27,6.0
广西壮族自治区,2020,0.234118,0.152005940649781,71.2,7.53722586783109,3.57974065737029,0.0251526147754654,0.542074473172442,0.3208281561912,7.47,3.7
广西壮族自治区,2021,0.237187,0.113508209181967,75.47,7.46725823045267,4.34150113492717,0.0236352387116207,0.550724637681159,0.33094592355169,7.675,7.9
广西壮族自治区,2022,0.0472,0.117254864932955,,7.02480540688734,4.44335281301541,0.0226185839516485,0.55656825837131,0.339859092274409,7.886,2.8
广西壮族自治区,2023,,0.127088167308989,,7.4727733686067,4.45840852136487,0.0222172626948062,0.567833698030635,0.328062965032497,8.102,4.1
海南省,2000,,,,5.73011617515639,8.2158452900811,0.00290752114777254,0.406210392902408,0.197596821478167,4.586,9.03
海南省,2001,,,,5.64490178271347,7.33721814035977,0.00357953398947543,0.406210392902408,0.199225069100208,5.272,9.1
海南省,2002,,,,6.68066618392469,6.96618252763928,0.00418352933707883,0.406210392902408,0.201503593349446,4.502,9.6
海南省,2003,,,,4.57465277777778,6.7741935483871,0.00427587074213132,0.406210392902408,0.218061165608771,4.546,10.61
海南省,2004,,,,5.1145958986731,6.31053459119497,0.00446521189220726,0.406210392902408,0.225823006634122,5.117,9.7
海南省,2005,,,,5.0062893081761,5.85096535308119,0.00445737553595196,0.452004830917874,0.245069544204278,5.345,10.5
海南省,2006,,,,5.41209302325581,5.88690271570987,0.00431786769473512,0.461070967124468,0.275487841058082,5.511,10.6
海南省,2007,,,,5.6746123582504,5.0326264274062,0.00492553938372503,0.471983243198466,0.290439095178484,6.07,15.8
海南省,2008,0.146945,,,7.65056636033341,4.11961896248289,0.00571904117831068,0.47999250743403,0.289010418745759,5.598,10.3
海南省,2009,0.125019,,,7.29710253715658,3.33353906925071,0.00637038592302772,0.491858298517481,0.26806149158813,5.55,11.7
海南省,2010,0.121694,,43.0,7.35966578047854,3.47559087625142,0.00646837756258306,0.498094525358356,0.276580285783483,6.276,16.0
海南省,2011,0.121863,0.0177411907061942,57.0,7.83264608267122,3.16358500256805,0.00712874832525216,0.503591461426917,0.283232778099308,6.195,12.2
海南省,2012,0.115239,0.0237653493274734,70.65,8.00764163372859,3.05965974530258,0.00723817786908876,0.509649286600837,0.281722546348502,6.522,9.4
海南省,2013,0.074,0.0333366962692932,68.45,7.66037878787879,3.08147986985373,0.00721171710572768,0.522706773453885,0.274200959226576,7.083,9.6
海南省,2014,0.0685,0.0432404064939276,77.08,7.28690697058044,3.13619582810482,0.00724535324704142,0.533370387789132,0.250225667862611,7.143,8.6
海南省,2015,0.0764,0.0554696211682771,50.25,7.25109694026795,3.01283654583155,0.00704711004693771,0.54892172312769,0.236531668269075,6.593,7.8
海南省,2016,0.0745,0.0584667155536797,67.54,6.87209186220669,2.97149250261537,0.00733124795844547,0.567113673392656,0.223514753774795,6.2,7.5
海南省,2017,0.0767,0.0693359309643859,60.73,7.28101048810004,3.11467689771948,0.00711015838699259,0.580545548121462,0.223269707386376,6.502,7.0
海南省,2018,0.0645,0.0915148294714173,75.24,7.09884575026233,2.90350617867912,0.00765626247005884,0.591360638384496,0.226775385188481,6.715,5.8
海南省,2019,0.0734,0.113496925848014,70.0,6.99089746483111,2.86818035080168,0.00778118011941553,0.59369819245029,0.207015349609055,5.943,5.8
海南省,2020,0.0673,0.128322210026897,70.56,6.42327732187052,2.82195836670959,0.00802860545322081,0.602702649307545,0.190742156644777,6.032,3.5
海南省,2021,0.081867,0.0877135195495512,75.46,7.18796032961423,3.29927918148293,0.0080243657219149,0.609529035924975,0.19131455399061,6.123,11.2
海南省,2022,0.0248,0.0894751617026718,,6.30446675483948,3.28487582067065,0.00804971381541628,0.614866312243189,0.192264820627145,6.214,0.4
海南省,2023,,0.0963568101364957,,6.08583644531039,3.35764086511098,0.00818926488806798,0.624726749760307,0.191823816082212,6.308,9.2
重庆市,2000,,,,0.926800355625803,9.71061607333191,0.00850853506188458,0.355894721323214,0.413700026426064,4.9,8.7
重庆市,2001,,,,0.929552773788607,8.48074089665334,0.0107717038155547,0.373998395311765,0.412113180191201,5.185,9.2
重庆市,2002,,,,1.0,7.45373700385797,0.0138692204968451,0.399001005389313,0.415852181647328,5.903,10.5
重庆市,2003,,,,1.0,7.65735698811406,0.0138572289193284,0.41900477670083,0.429994456226186,6.53,11.7
重庆市,2004,,,,1.0,7.73147680177903,0.0138913022797504,0.435116635401601,0.438664443462406,7.187,12.5
重庆市,2005,,,,1.0,7.07581820047194,0.0143632766956241,0.452448177269478,0.363097366569389,7.631,11.8
重庆市,2006,,,,1.0,6.56339924274295,0.014700887347292,0.467001424501425,0.384151943960299,8.061,12.5
重庆市,2007,,,,1.0,6.20869610484259,0.0154352985606055,0.483433948863636,0.40462946924059,7.972,16.0
重庆市,2008,0.527714,,,1.0,5.80653733723093,0.0162320949453179,0.499855582951743,0.419988401114322,7.697,14.6
重庆市,2009,0.416782,,,1.0,5.14762903512913,0.0169343536750296,0.515900664568031,0.528141610809172,7.788,15.1
重庆市,2010,0.336344,,,1.0,4.71919908252586,0.019015921817795,0.530243151610957,0.550006434860288,8.132,17.2
重庆市,2011,0.223401,0.0265508866434361,61.0,1.0,3.95340512948207,0.0235267001739806,0.549753262940535,0.553674472125194,8.229,16.4
重庆市,2012,0.189662,0.0354651010073036,58.45,1.0,3.80631310810278,0.0241864880200919,0.566449739149142,0.523697587996073,8.547,13.6
重庆市,2013,0.156474,0.0451777665096726,58.33,1.0,4.25421581305433,0.0218403404556383,0.582946699302232,0.500492049758825,9.06,12.3
重庆市,2014,0.149971,0.0560750459055886,70.7,1.0,4.42556719999758,0.0217701209522171,0.597447658601338,0.457774879755444,9.501,10.9
重庆市,2015,0.153491,0.0733336264769424,74.88,1.0,4.23008966244726,0.021560428017708,0.614748438120924,0.449783582008835,9.296,10.97
重庆市,2016,0.150823,0.0812256502242508,,1.0,4.50371207028819,0.0213139757879422,0.633348981980476,0.445245620354227,8.871,10.65
重庆市,2017,0.148196,0.0924985656040917,59.78,1.0,4.62753788961967,0.0213519931926205,0.649951805465865,0.441942307563606,8.672,9.3
重庆市,2018,0.170551,0.118662885940106,71.81,1.0,4.7542474592321,0.020556202367063,0.666050190633358,0.40901204575511,9.176,6.0
重庆市,2019,0.168681,0.143489966851556,58.33,1.0,4.86950458776157,0.0202952067369463,0.682352313792411,0.402310113163011,9.156,6.3
重庆市,2020,0.172591,0.163759691877604,65.19,1.0,5.11680748679492,0.0199200965585056,0.69465332464918,0.399643799751948,9.483,3.86
重庆市,2021,0.189795,0.129080358063243,79.67,1.0,5.80702204315975,0.0196808766124076,0.703246452062769,0.40097870509787,9.822,8.4
重庆市,2022,0.0366,0.144779777199634,,1.0,5.84047482305524,0.0187784693519285,0.709641681241325,0.40145216107659,10.173,2.5
重庆市,2023,,0.146742405728922,,1.0,5.68299727027312,0.0193157935021743,0.716747664839899,0.388083912186772,10.537,6.1
四川省,2000,,,,5.449722691102,8.69070796460177,0.0204959382219774,0.329883097905504,0.424035907985786,4.578,9.0
四川省,2001,,,,5.92405719641824,7.22689782864838,0.0269394621630017,0.329883097905504,0.409191489988083,4.775,8.98
四川省,2002,,,,5.76421294774893,6.73441464040364,0.0318149561400526,0.329883097905504,0.419562831292711,5.366,10.5
四川省,2003,,,,5.38060249816311,7.30055987983067,0.0297079710100832,0.329883097905504,0.424905636319657,5.915,11.0
四川省,2004,,,,5.72264126821785,7.04160848924881,0.0314267370007747,0.329883097905504,0.421653838858993,6.483,11.9
四川省,2005,,,,5.54281909444786,6.64944833576669,0.0318942254528993,0.329883097905504,0.415326806678312,7.069,12.7
四川省,2006,,,,5.34173802727561,6.30451239424076,0.0333327313617858,0.343000367242012,0.434417231284752,7.391,13.5
四川省,2007,,,,4.94068248841455,6.00416114784013,0.0353371292662815,0.355999753906731,0.439417593934706,7.652,14.5
四川省,2008,0.560509,,,5.82277906127204,4.32585126982566,0.0471114344717096,0.374047677562054,0.459486891359018,7.154,11.0
四川省,2009,0.500972,,,5.97487395377473,3.95202076463773,0.0470605936335721,0.387000610873549,0.474294198122007,7.521,14.5
四川省,2010,0.447032,,61.0,5.47734698603,4.04529847486367,0.0473771326485833,0.401744206281728,0.504622506906994,7.431,15.1
四川省,2011,0.447101,0.0502466744138729,60.0,5.44945038292515,4.50294336587578,0.0427918953783871,0.418526785714286,0.524530263455762,7.433,15.0
四川省,2012,0.409858,0.063698257866362,69.75,5.54046856736291,4.38863399125663,0.0432779790742529,0.433518862090291,0.516624777990014,7.365,11.7
四川省,2013,0.319608,0.0741780445016651,57.68,5.35477512373574,4.26272040585702,0.0443678541295651,0.449623874707116,0.514511745384125,7.998,10.0
四川省,2014,0.302816,0.0876190416759741,74.58,5.07209701492537,4.2508397568788,0.0447777113975796,0.465044845804153,0.489279754533291,8.291,8.5
四川省,2015,0.327989,0.111964057975146,80.03,5.10583484289236,4.04694358527031,0.0426290940577652,0.482674475353831,0.440822410999198,8.594,7.9
四川省,2016,0.312775,0.125455840611452,87.82,5.01844738672465,4.13771446480099,0.0426560200380059,0.500060598715307,0.408353054270684,8.134,7.84
四川省,2017,0.301514,0.141206747900497,76.75,4.94959753167944,4.35953378816667,0.0428132999556,0.517794667631801,0.387453887510675,8.552,8.1
四川省,2018,0.281534,0.172048537186669,78.42,5.28322321516039,4.41947978367242,0.0439444024880839,0.535031847133758,0.376682015618712,9.006,7.98
四川省,2019,0.271654,0.206203221882869,70.83,5.15616731856798,4.48038638715831,0.0433234556528205,0.553586396838702,0.372520101544926,9.06,7.4
四川省,2020,0.265672,0.23409748905256,79.88,5.18575768240502,4.33106458520486,0.0455819937094346,0.567336065084163,0.361554698103408,9.39,3.8
四川省,2021,0.280143,0.201870948667535,80.62,5.01217326796831,4.82252986664218,0.0456529207523822,0.578201146679407,0.369565540344804,9.732,8.2
四川省,2022,0.0389,0.218698600130958,,4.89306409419263,4.75130637382854,0.0457285091366749,0.583496536899928,0.372813648682462,10.087,2.8
四川省,2023,,0.226394207396801,,4.92215955435804,4.72268057511354,0.0463646263491317,0.594897227533461,0.354326832732165,10.455,6.0
贵州省,2000,,,,6.48969735994849,5.10939127846406,0.00914019085708844,0.238699903081167,0.390375730979437,3.544,8.4
贵州省,2001,,,,7.60916749845854,4.11809593023256,0.0124789429174517,0.239599211269682,0.370379521208538,2.905,8.8
贵州省,2002,,,,6.89012184508268,3.92648498436859,0.0143593999043221,0.24290903973648,0.381750480525643,2.813,9.1
贵州省,2003,,,,6.60866971564923,4.2996840680006,0.0134827859691399,0.247701348438881,0.406151408500077,3.462,10.1
贵州省,2004,,,,6.98181211413316,3.94197218106209,0.0146881600624006,0.262799395445347,0.425950649660269,3.927,10.4
贵州省,2005,,,,7.1755546369023,3.7253471088664,0.0153470587333791,0.268699731903485,0.412197943572917,4.698,12.7
贵州省,2006,,,,6.92100192678227,3.70774924669199,0.015106352292386,0.27459891598916,0.419319532445767,5.165,12.8
贵州省,2007,,,,7.4734567321244,3.57995976866985,0.0159778712308927,0.282402436136763,0.398136686880875,5.61,14.8
贵州省,2008,0.308153,,,7.40645206634805,3.32561516051585,0.0168356800941197,0.291100061735605,0.395531733285414,5.215,11.3
贵州省,2009,0.222145,,,8.07978097032501,2.81045275346688,0.017985206539508,0.298900197907832,0.377393500107343,5.346,11.4
贵州省,2010,0.17594,,64.0,7.98258146589686,2.76987765709662,0.0181529373960213,0.338105859830868,0.391133728510091,4.401,12.8
贵州省,2011,0.16954,0.0188389841792444,53.0,8.10945273631841,2.49648795234285,0.0205898901936598,0.350300283286119,0.384845944467049,4.138,15.4
贵州省,2012,0.138763,0.0246572887339046,47.75,7.88847221824636,2.44665563490681,0.0218786424806021,0.3629997212155,0.39075625346604,4.572,13.0
贵州省,2013,0.103597,0.0317297214533883,59.96,7.83196138211382,2.58643509177139,0.0219856916771092,0.378898678414097,0.401107475583848,5.348,12.4
贵州省,2014,0.09805,0.0381163872931009,73.35,7.89693065555135,2.58922321327763,0.0233408237252608,0.402398694587979,0.416282932188263,5.776,10.8
贵州省,2015,0.098,0.0475218181605468,77.07,7.82391960597394,2.67572026906968,0.0223990786328483,0.429600862998921,0.394935139623101,5.509,10.7
贵州省,2016,0.116819,0.0541109356568669,78.19,8.11476221299928,2.76663632353907,0.02270168694653,0.455598722724854,0.396504802266843,5.567,10.5
贵州省,2017,0.101057,0.0666531921095323,77.38,7.91876115918143,2.94966742691631,0.0227122085383845,0.477599263739153,0.400872078287457,6.615,10.2
贵州省,2018,0.123916,0.0920217788175716,79.05,8.05754381468072,3.05252023985621,0.02276861007533,0.495400313971743,0.38871843014362,7.049,9.1
贵州省,2019,0.116856,0.126282800801633,73.41,8.27570184468991,2.81896670555445,0.0249048840113913,0.514799896049896,0.361281362295713,7.384,8.3
贵州省,2020,0.153688,0.146228520848636,79.86,8.46334198419252,3.11183901036676,0.0233617822408368,0.531520065528557,0.348447485100883,7.744,4.5
贵州省,2021,0.147846,0.103136011006584,79.35,8.82526325760566,3.48095978361398,0.0227538638759652,0.54329958463136,0.356609688355185,8.122,8.1
贵州省,2022,0.0342,0.104812774503422,,8.04365935803148,3.41978616936917,0.0224575413164936,0.548236514522822,0.352746893070034,8.518,1.1
贵州省,2023,,0.111987272112133,,7.96766031774573,3.37110111707529,0.0225898826951601,0.559399741267788,0.34960527511201,8.934,4.9
云南省,2000,,,,6.01904069767442,4.90232063944363,0.0187778163210244,0.233588002263724,0.431304952713174,4.218,7.5
云南省,2001,,,,7.02793307161858,4.34905223294321,0.022510616397204,0.248635536688902,0.41223676641834,3.947,6.8
云南省,2002,,,,7.08852414906498,4.47664597923665,0.0238918249773842,0.260090927973045,0.411393882792435,3.748,9.0
云南省,2003,,,,7.48121258438415,4.48352770920235,0.0238276345388124,0.265997806015175,0.418341797012543,4.22,8.8
云南省,2004,,,,7.24497816593887,4.72605629558194,0.0232963303470474,0.281006522920819,0.426420628765928,4.747,10.3
云南省,2005,,,,6.6734302882522,4.56434080202529,0.0225848416222914,0.295007190364911,0.413885542777744,5.283,8.9
云南省,2006,,,,6.68447037701975,4.57787775017346,0.0221058795385665,0.305001115324559,0.429423239906322,5.962,11.8
云南省,2007,,,,6.89474643182508,4.47261323796269,0.0228041224273749,0.315999113867966,0.429768759481364,6.19,12.2
云南省,2008,0.423082,,,6.2968007195169,4.0922570464686,0.0234890161242548,0.33,0.430611090419738,5.87,10.6
云南省,2009,0.3391,,,7.21085872576177,3.36744624399439,0.0255877036846561,0.34,0.418579358969164,5.891,12.1
云南省,2010,0.320226,,26.5,6.60021368138373,3.38418528953678,0.0254324491043922,0.348096314325452,0.446208427807724,5.92,12.3
云南省,2011,0.259353,0.0243508052998617,53.5,6.63210558485953,3.25064855270344,0.0268161030992023,0.365692640692641,0.425083660177755,5.936,13.7
云南省,2012,0.243008,0.030936549202201,41.45,6.79807436160901,3.10620098190144,0.0283650318051254,0.384690131721011,0.428654431314122,5.562,12.0
云南省,2013,0.171945,0.0424521579474585,41.01,6.9934956296094,3.13083576019587,0.0292165226824218,0.399892264598147,0.416471508944576,5.376,12.2
云南省,2014,0.161358,0.0500389777117114,69.1,7.47562577906546,3.16398451547776,0.0292384861906495,0.412099720610359,0.412172375393984,5.821,8.1
云南省,2015,0.195386,0.0617840251661307,74.26,7.65703748233115,3.17431352287267,0.0267960527359427,0.429294445635857,0.397683559277107,5.479,8.7
云南省,2016,0.189896,0.0666552007796779,59.54,7.29061592097618,3.26149763093611,0.0267308694123588,0.446397263202908,0.384771327836239,5.216,8.7
云南省,2017,0.182546,0.0787227428038977,75.95,7.3630235855136,3.23579504180838,0.0281308625249396,0.46290219475815,0.37889845960697,5.694,9.47
云南省,2018,0.15587,0.100869924583475,75.59,8.02725951374207,3.43711882904282,0.0275007533811161,0.474399319583245,0.389094195441896,5.829,8.9
云南省,2019,0.169314,0.130810432566594,63.79,8.2475574397583,3.430353215393,0.0283435326130711,0.486699193890539,0.342820603907638,6.867,8.1
云南省,2020,0.157935,0.154359040252275,71.72,7.9698531512485,3.52102517629717,0.0283867125330151,0.500370588409689,0.337964839592364,7.188,4.0
云南省,2021,0.190321,0.103951412955292,75.31,7.14786243751077,4.09407991124992,0.0270048397666817,0.510490405117271,0.353242371108197,7.525,7.3
云南省,2022,0.0369,0.105486056855952,,7.76049437056943,4.26223807014847,0.0257138187937216,0.517153206903899,0.361647014940838,7.877,4.2
云南省,2023,,0.116039113272411,,8.03313479511572,4.46073449349785,0.0245066198766935,0.529210357372138,0.341636382411038,8.246,4.4
西藏自治区,2000,,,,10.1300675675676,1.96431549107887,0.00271933941409731,0.194651162790698,0.231679493291562,0.0,10.4
西藏自治区,2001,,,,13.2575181297226,1.33116572630774,0.00474172623865525,0.196433314361601,0.22035789189398,0.845,12.68
西藏自治区,2002,,,,14.5554382259768,1.17527568195009,0.00625035425778177,0.198926334625708,0.197708609450447,1.003,12.88
西藏自治区,2003,,,,,1.27475841272017,0.00591928178353303,0.202087007642563,0.253794489396584,1.181,11.95
西藏自治区,2004,,,,,1.62818501083464,0.00469795053092844,0.205174597430794,0.261459562494327,1.706,12.06
西藏自治区,2005,,,,,1.31086546238878,0.00546561949975067,0.208519139524098,0.255305466237942,1.839,12.1
西藏自治区,2006,,,,,1.42807192807193,0.00495265906087986,0.211344184088677,0.275484936029715,2.867,13.3
西藏自治区,2007,,,,11.1848090982941,1.24959145876457,0.00553158964150229,0.215005366478551,0.288433939606947,3.31,14.0
西藏自治区,2008,0.00717,,,11.5281647486372,1.0460778647612,0.00608154374650318,0.218964868470564,0.293174623274661,1.702,10.15
西藏自治区,2009,0.00596,,,1.40362452976653,0.948035649713909,0.00616160460435547,0.223059762033532,0.309565887257568,1.554,12.38
西藏自治区,2010,0.00525,,,,0.930785423925668,0.00613123950198811,0.226323490289971,0.323020533638119,0.737,12.3
西藏自治区,2011,0.00408,0.00718780004642106,,1.45117819337302,0.806611177797417,0.00693936234316502,0.228092908743399,0.344634633478038,0.118,12.7
西藏自治区,2012,0.00377,0.0166387048863175,,1.56587162945155,0.784456668213047,0.00718792101528054,0.228707677634716,0.346418840848466,-0.106,11.78
西藏自治区,2013,0.00348,0.0245670036913105,,7.68882656155246,0.816515660892627,0.00723411174927128,0.239296852849447,0.359115818897348,-0.161,12.1
西藏自治区,2014,0.00364,0.0328866446345007,,1.65608716909967,0.792654638088249,0.0078104267625985,0.262308710779937,0.365800419187038,0.647,10.8
西藏自治区,2015,0.00345,0.0387663197227636,,2.158328906665,0.754998335094755,0.00785465951723177,0.288706601689015,0.366514274144205,1.124,11.01
西藏自治区,2016,0.00471,0.0471446539282403,,6.40030631574705,0.738674290608194,0.00845771470203144,0.315690425782169,0.372734299684734,2.694,10.1
西藏自治区,2017,0.00662,0.0503467338402311,,6.53256690099817,0.802050013674685,0.00828193092475489,0.333800961978928,0.391824062490465,3.102,10.0
西藏自治区,2018,0.00615,0.0619650577875817,,6.56630681060909,0.785718635191913,0.00892097399899223,0.337987168979453,0.425255307485636,3.25,8.9
西藏自治区,2019,0.00601,0.0944126597874387,,5.98711036917435,0.776048451605531,0.00915919337471825,0.34510477880031,0.374374197500324,2.711,8.1
西藏自治区,2020,0.00654,0.112705243890548,,6.32305668363553,0.860591970763302,0.00899922146387504,0.356529350620931,0.419526577461976,2.023,7.8
西藏自治区,2021,0.0079,0.069044859117969,,6.36663735159244,1.02624062042121,0.00825084563627261,0.366120218579235,0.364051533506394,1.509,6.7
西藏自治区,2022,0.00456,0.0699919498082998,,7.29738552894492,0.82923894515191,0.00995186682802658,0.373626373626374,0.377332833161399,1.126,1.2
西藏自治区,2023,,0.0752441963714843,,6.2129965495886,0.851791728075984,0.0102286429531342,0.388821917808219,0.369039160780708,0.84,9.5
陕西省,2000,,,,5.84430107526882,6.63821018545776,0.0123229561309836,0.322722283205269,0.440659393589095,3.516,10.4
陕西省,2001,,,,6.45741482041727,5.74375089272961,0.0158730158730159,0.33614917577755,0.406014065313187,3.418,9.8
陕西省,2002,,,,6.34655172413793,5.56518732557852,0.0183606423572143,0.346236183319499,0.410838780681551,4.002,11.1
陕西省,2003,,,,5.77863755699876,6.18770923003348,0.016965551654263,0.355417322577307,0.438053576121064,4.217,11.8
陕西省,2004,,,,6.13194774346793,6.08471654626097,0.0181244776105781,0.363465472138388,0.446161016255298,4.537,13.0
陕西省,2005,,,,6.53199754651401,5.97408288468762,0.0188315569455955,0.372338551673491,0.470109718027719,4.612,12.1
陕西省,2006,,,,6.91310182855226,5.5759664151035,0.0203890237002795,0.39116037034534,0.514481586808359,4.994,12.3
陕西省,2007,,,,6.5362480620155,5.39085552719717,0.0211719850908021,0.406108344097272,0.514922819590467,5.012,14.3
陕西省,2008,1.005176,,,6.29331688620644,5.02464088707193,0.0228224842976796,0.42097051861416,0.525263241361773,5.861,14.7
陕西省,2009,0.430977,,,6.65212208777316,4.34275971416781,0.0241368504532049,0.434972777305208,0.518546353643908,5.949,12.2
陕西省,2010,0.383224,,61.0,5.97069587212744,4.43711325338129,0.02468818623729,0.456999970550676,0.537967181245975,5.163,13.9
陕西省,2011,0.299758,0.035898146005113,49.5,5.92585628209794,4.15417580805306,0.0268271788381257,0.473572377158035,0.554301767061212,5.45,13.1
陕西省,2012,0.27347,0.0449865462940674,60.3,5.56293829185426,4.25488898248992,0.0263892149585675,0.497227356746765,0.558603068561086,5.783,12.2
陕西省,2013,0.256434,0.0528224683337917,49.55,5.02195091873227,4.33972611710008,0.0261394701313225,0.515772870662461,0.549916231884952,6.761,10.5
陕西省,2014,0.249685,0.0618846003316833,67.28,4.83502940674037,4.39179810725552,0.0261059088888297,0.53018029788346,0.541394713605586,7.243,9.6
陕西省,2015,0.237807,0.0762863562798446,75.28,4.7708996554882,4.09016329757819,0.0248812570229882,0.547321892875715,0.503950732412988,7.479,7.7
陕西省,2016,0.247141,0.0857972576961395,74.09,4.6570576751687,4.33907371672928,0.0233781528619099,0.564016520392359,0.489222710376869,7.868,7.53
陕西省,2017,0.23395,0.095139155738087,61.82,4.62466390454411,4.442924859151,0.023798795275822,0.580686475409836,0.496962163697479,8.339,7.83
陕西省,2018,0.224016,0.123172893312692,58.03,4.60333197322615,4.51526089875605,0.0240033538530946,0.596540320529127,0.497476094919782,8.544,8.1
陕西省,2019,0.217341,0.148453568175973,63.74,4.5857484242434,4.51046774340214,0.0239410492502314,0.612829614604463,0.464493119690213,8.296,5.95
陕西省,2020,0.214637,0.16823725501624,59.46,4.40071832470057,4.3866266913084,0.0241384867076364,0.626648359289856,0.433986737382294,8.722,2.1
陕西省,2021,0.218038,0.131006663132942,65.53,4.11578576175557,4.96302655036397,0.0247044648781103,0.636317653009611,0.463155598805409,9.17,6.5
陕西省,2022,0.0312,0.14226882288387,,4.30687790242131,4.85701776961328,0.025948666239983,0.640040444893832,0.486169891403516,9.641,4.5
陕西省,2023,,0.153964741993371,,4.14631863019873,4.70881160906917,0.026127023474441,0.651568825910931,0.475606832395571,10.136,4.3
甘肃省,2000,,,,8.84955336154208,5.5936885724911,0.00853528860956371,0.240101617693247,0.447323462414579,3.62,9.7
甘肃省,2001,,,,7.48071522067888,4.77958039582095,0.0106769327737761,0.245098777418907,0.427476129287577,3.139,9.76
甘肃省,2002,,,,8.05201292976785,4.49618627057407,0.0124249823721328,0.259601858730184,0.430476460723122,2.985,9.9
甘肃省,2003,,,,8.20371889526935,4.66617779407353,0.0121708157623038,0.273798966573256,0.434066993849253,3.274,11.33
甘肃省,2004,,,,8.72713936430318,4.63271138006388,0.0125299743145005,0.286101012008751,0.44902842184437,3.796,10.92
甘肃省,2005,,,,8.54938271604938,4.34284383370211,0.0126538890925745,0.300200385053632,0.433592901684609,4.539,11.85
甘肃省,2006,,,,8.37303975922699,4.16769140543711,0.0130765537112412,0.310901173634261,0.458202661747266,5.071,11.99
甘肃省,2007,,,,8.10732292917167,3.96111588237036,0.013566124663152,0.322581911081984,0.473401420959147,5.396,12.31
甘肃省,2008,0.425844,,,9.71733895243829,3.17183482543911,0.0154719419177904,0.335570469798658,0.464639606924296,5.045,10.12
甘肃省,2009,0.300348,,,10.4004005674706,2.62244439451809,0.0163339599394128,0.348740268737451,0.450837771139109,5.049,10.2
甘肃省,2010,0.245433,,6.0,9.99509970734363,2.68538315924226,0.0163404030702484,0.361198134360425,0.481701146635928,4.16,11.75
甘肃省,2011,0.22126,0.0145480661431313,43.5,10.2076589924778,2.6891427167772,0.01639612114808,0.372460815047022,0.473636405284869,4.143,13.18
甘肃省,2012,0.195287,0.0218421129757664,46.35,10.1656465942744,2.61856901474101,0.0163518176665465,0.387823529411765,0.460177278680401,4.261,11.76
甘肃省,2013,0.170957,0.028627880974289,41.8,9.53049434678551,2.60410803508802,0.0164723301341325,0.404808829325976,0.445613353362746,4.587,11.32
甘肃省,2014,0.165049,0.0332101446307714,67.88,9.07350946090682,2.56479466769493,0.0167439511373809,0.422813117344923,0.428042569498685,4.936,9.0
甘肃省,2015,0.143987,0.0444719078808138,75.36,8.59973837209302,2.21633297389388,0.0168202610255975,0.442433610780816,0.367400740899147,5.425,8.16
甘肃省,2016,0.148706,0.0478393717279137,77.81,7.42651357978121,2.19296324161992,0.0167773240486908,0.460718253968254,0.349365379834647,5.851,7.6
甘肃省,2017,0.160375,0.0585584707538057,60.71,7.69619899385131,2.22025517182942,0.016271177226891,0.481213322759715,0.343408364911317,6.955,3.52
甘肃省,2018,0.138315,0.0810131472377974,64.93,8.10117257967529,2.14835786789247,0.0170763217509786,0.496914512922465,0.338909322865316,7.273,6.1
甘肃省,2019,0.134511,0.103147602678173,62.97,8.65326501116805,2.20627087761919,0.0165436949100842,0.507002789956158,0.328323182271773,6.583,6.15
甘肃省,2020,0.128834,0.119926867220371,60.69,8.56243830207305,2.15681894605371,0.0169465012947991,0.522405429292424,0.316305300165249,6.85,3.8
甘肃省,2021,0.150331,0.0776912793660726,68.16,8.32159144844095,2.53573412422878,0.0164143393860945,0.533300937341869,0.338426093153574,7.129,6.9
甘肃省,2022,0.0312,0.079576732913793,,8.53480352846832,2.61239887624614,0.0163389958216421,0.542134831460674,0.352181831166976,7.418,4.4
甘肃省,2023,,0.0882299702553865,,8.99113179034439,2.62367807652671,0.0164655581940824,0.554969574036511,0.343970734503279,7.72,6.4
青海省,2000,,,,6.60154738878143,3.86317023146792,0.00309524943148711,0.347608906098742,0.432489851663569,2.38,8.9
青海省,2001,,,,7.30695711761099,2.96248766041461,0.00459344810151838,0.3632192697381,0.440409156032386,2.511,11.71
青海省,2002,,,,6.81181870338497,2.86953592183947,0.00538381138295436,0.376768823306848,0.452106267429913,2.243,12.08
青海省,2003,,,,6.36951983298539,3.15470337594231,0.00495092282134446,0.381790932933683,0.472219374679652,2.472,10.9
青海省,2004,,,,5.81949152542373,3.23066841415465,0.00482116510436906,0.385276643148904,0.487148680540657,2.978,11.3
青海省,2005,,,,0.369005695404548,2.9419734904271,0.00500290595892518,0.39250736377025,0.487024221453287,3.771,11.2
青海省,2006,,,,6.25648498979889,2.72617162023665,0.0053103785914509,0.392587182764287,0.510655358519661,4.166,12.3
青海省,2007,,,,6.26415094339623,2.55173635719348,0.00566878961699512,0.400688905003626,0.523960619552267,4.653,12.5
青海省,2008,1.00129,,,5.40669144981413,2.46672167216722,0.00580898782700719,0.408605448313188,0.519722762168424,4.519,12.5
青海省,2009,0.112267,,,5.71839755639098,1.93055983564458,0.00637942918165194,0.419002332675399,0.532087267749961,4.456,10.14
青海省,2010,0.0524,,16.5,6.82519280205655,1.53914447134786,0.00827156548667604,0.447193284469448,0.551402145983131,3.712,13.3
青海省,2011,0.0454,0.0165570028217714,49.0,6.4480805118635,1.41647803032652,0.00885573978201298,0.464666021297193,0.583786307799143,3.371,12.5
青海省,2012,0.0351,0.0235045897203591,47.2,6.25431685732786,1.31875242655623,0.0092022442980106,0.478301242181614,0.576875539993874,3.564,11.2
青海省,2013,0.0322,0.0285718205257217,51.59,5.91631738690562,1.39513863442042,0.00875851656169475,0.491989845049462,0.567519297286599,4.037,10.84
青海省,2014,0.0303,0.0336976505278036,70.02,5.43012009349561,1.37127717209799,0.00887719490576047,0.508830731292222,0.535882986298039,3.739,9.2
青海省,2015,0.0288,0.0448180798083246,65.72,5.41070599578617,1.32725256738562,0.00861484654939621,0.516589813819644,0.499497321114582,4.141,8.2
青海省,2016,0.034,0.0480590465293512,51.32,5.29793961293909,1.48098111227702,0.00812121272160703,0.536193029490617,0.485902763470412,4.749,7.84
青海省,2017,0.0329,0.058872980941358,51.49,5.3072094878108,1.61071325893207,0.00753593966757546,0.554144145680233,0.442851537051923,5.21,7.24
青海省,2018,0.0324,0.0855928400974226,64.26,5.53795213123571,1.66805266384611,0.00745766953293268,0.572090172308111,0.43523905585241,5.31,7.1
青海省,2019,0.0315,0.105722664120697,62.27,5.6812278990367,1.57812273632134,0.00780240608692088,0.58769731048032,0.391021426524385,4.747,6.1
青海省,2020,0.0339,0.125008544237721,61.26,5.86580073442384,1.55719045549554,0.00786733812812595,0.600448725518312,0.380432612977059,5.061,1.5
青海省,2021,0.0383,0.0676156025822461,65.58,5.39418266433973,1.82532407307551,0.00754873347905549,0.609427609427609,0.39819518317098,5.396,5.8
青海省,2022,0.0136,0.0729713928861107,,5.82556630486078,1.83448939294213,0.00758044110330018,0.615126050420168,0.439239910251794,5.753,2.4
青海省,2023,,0.076593482823887,,5.22679402985075,1.73576336854417,0.00796990957856616,0.627946127946128,0.424521597220394,6.133,5.3
宁夏回族自治区,2000,,,,5.62812210915819,4.84878369493754,0.00275878956067501,0.325613718411552,0.45200888654592,2.978,10.2
宁夏回族自治区,2001,,,,7.19608129618665,3.60547125454157,0.00424338473188637,0.333209047974149,0.398198614309125,2.875,10.1
宁夏回族自治区,2002,,,,6.27093596059113,3.29231037793489,0.0051947227493578,0.342005808867271,0.400789924168881,3.359,10.2
宁夏回族自治区,2003,,,,5.5498426023085,4.18415579504632,0.00429128659490182,0.369241110670642,0.431111909466499,4.344,11.7
宁夏回族自治区,2004,,,,5.19949281487743,4.22614209071696,0.00431847772782498,0.405999557604941,0.445714498473453,4.52,10.2
宁夏回族自治区,2005,,,,5.78728782954135,3.61872074882995,0.00472292005842569,0.422794364307279,0.459068575439513,4.817,9.9
宁夏回族自治区,2006,,,,5.34911406423034,3.53656643030899,0.00477973654921377,0.429596011462077,0.481925885108142,5.592,11.7
宁夏回族自治区,2007,,,,4.98968434082938,3.62869547240025,0.00485824510584787,0.44024580090127,0.49158424998096,5.758,11.7
宁夏回族自治区,2008,1.011243,,,5.14927030456853,3.50944209975047,0.00518607133807702,0.449772539623436,0.482789554123198,5.476,11.6
宁夏回族自治区,2009,0.134672,,,5.96358620689655,2.92973448052549,0.00566658449096873,0.460988483685221,0.489407452837857,5.791,10.9
宁夏回族自治区,2010,0.112493,,,4.64918278852568,2.81904112783169,0.0062034515816337,0.479603766430738,0.489989050986891,5.345,12.5
宁夏回族自治区,2011,0.118159,0.0150129896023051,,4.7939558573854,2.73660948279526,0.00646154947390698,0.501998611003935,0.50239985539028,5.019,12.1
宁夏回族自治区,2012,0.0667,0.0204019406040156,,4.6286815893756,2.46540793188023,0.00686256147830416,0.511492421828774,0.495184278752312,4.978,10.5
宁夏回族自治区,2013,0.0426,0.0268018867693229,43.56,4.18301364893665,2.52330673835747,0.00657917540640216,0.528400138061437,0.4907567980695,5.492,9.8
宁夏回族自治区,2014,0.0389,0.0332529353854034,50.13,3.79101932550208,2.47278724573942,0.00659120669976775,0.548192060402289,0.487351477053886,5.984,8.0
宁夏回族自治区,2015,0.0326,0.0406224214882661,49.52,3.68121705952727,2.26563254837548,0.00647318873783765,0.569796360231728,0.473801158745368,6.255,8.0
宁夏回族自治区,2016,0.0436,0.0447968827002157,78.08,3.78934968435678,2.21706761043889,0.00668178528840824,0.587408761751198,0.469748373882389,6.805,7.4
宁夏回族自治区,2017,0.0278,0.0581645059090436,59.41,4.01597285200246,2.33125482597357,0.00675961635663877,0.609505304362626,0.458993018852583,7.359,7.3
宁夏回族自治区,2018,0.0407,0.0838477951377541,77.47,3.90624311825589,2.4736092906572,0.00642387265462171,0.621501254333794,0.44539266648314,7.506,6.8
宁夏回族自治区,2019,0.0283,0.10498992141876,70.38,4.15126850809594,2.60621988611476,0.00602151810715279,0.636296430613868,0.422763360081953,6.592,6.5
宁夏回族自治区,2020,0.0284,0.120823907638199,74.31,4.45408593091828,2.67252560188062,0.00602558549665391,0.648981177090702,0.410391399165933,7.039,3.9
宁夏回族自治区,2021,0.0472,0.0703583266027683,71.09,4.89523123864377,3.21327273109273,0.00581215681006867,0.660413793103448,0.447029166574531,7.516,6.8
宁夏回族自治区,2022,0.0169,0.0739692780801877,,4.45337259851353,3.21478729099096,0.00609417417137116,0.663461538461538,0.483095313239703,8.025,4.1
宁夏回族自治区,2023,,0.0804553945400307,,3.99721556544562,3.03474974020487,0.0063773987708383,0.673525377229081,0.467958607714017,8.569,6.6
新疆维吾尔自治区,2000,,,,1.93406259495594,7.14113642314742,0.00865862699886411,0.337502230441059,0.430121082412267,2.735,8.7
新疆维吾尔自治区,2001,,,,9.42633660885285,5.6645906121829,0.0119402443641838,0.337497801395381,0.422613301153124,3.003,8.6
新疆维吾尔自治区,2002,,,,10.9678105071364,4.46493341085915,0.0163772522292734,0.338401944163049,0.416767432486901,3.32,8.2
新疆维吾尔自治区,2003,,,,10.5397597254005,5.12714739327489,0.0149481033430088,0.343912717495282,0.422424258488616,4.097,11.2
新疆维吾尔自治区,2004,,,,10.7134860050891,5.15485464563937,0.0147801321941426,0.351539139426726,0.457233521495276,4.611,11.4
新疆维吾尔自治区,2005,,,,12.4465227817746,4.85626758121074,0.0152966612712892,0.371502474693461,0.447275352412842,5.395,10.9
新疆维吾尔自治区,2006,,,,13.6981627296588,4.35877783837163,0.0167843685965792,0.3794,0.479203746149754,5.467,11.0
新疆维吾尔自治区,2007,,,,11.638612412178,4.40168521662579,0.0159728492698571,0.391501486738673,0.467634169325265,5.575,12.2
新疆维吾尔自治区,2008,1.014579,,,10.6629089079014,3.9103798519861,0.0169246681639668,0.396398552663072,0.498837017505695,4.718,11.0
新疆维吾尔自治区,2009,0.442084,,,10.0605766357932,3.14571871914233,0.017652834019638,0.398498121493725,0.451149741059843,4.741,8.1
新疆维吾尔自治区,2010,0.239548,,,10.644132573147,3.15508178773449,0.0189032086642034,0.429406299911675,0.476719871557912,3.772,10.6
新疆维吾尔自治区,2011,0.177363,0.0236747031547079,,9.57897605769634,2.85928150265486,0.0209110866224388,0.437298876404494,0.488029591304151,3.538,12.3
新疆维吾尔自治区,2012,0.160348,0.0315643964134782,,9.20186062246279,2.72485634560875,0.0215959179049132,0.442201509098979,0.46387957326213,3.359,11.0
新疆维吾尔自治区,2013,0.135326,0.0379761183971024,41.83,8.68380520951302,2.73631289287671,0.0218748595877246,0.449400437636762,0.446002055936635,3.58,11.0
新疆维吾尔自治区,2014,0.132651,0.0427708046817106,54.67,8.19591907314543,2.79237082515771,0.0218584033948947,0.467901075268817,0.425834586012125,4.076,10.0
新疆维吾尔自治区,2015,0.119171,0.0517529897068602,61.47,8.51849281332557,2.44604940510451,0.0216336038374833,0.487798742138365,0.385681194234729,4.862,8.8
新疆维吾尔自治区,2016,0.117053,0.0523320358229449,68.61,9.91055177699013,2.32726394007129,0.0220406666744427,0.504200988467875,0.377940246847052,4.448,7.5
新疆维吾尔自治区,2017,0.120965,0.0584994040614355,42.51,10.1121723581491,2.40658236364734,0.0228339306761896,0.519,0.397988046271076,5.293,7.6
新疆维吾尔自治区,2018,0.116528,0.0756806673220615,59.08,7.59703845162855,2.55551676325948,0.0226906124389798,0.540099206349206,0.403552562980159,5.32,6.1
新疆维吾尔自治区,2019,0.113379,0.103262607107173,53.32,8.56950087057458,2.55801440695025,0.0222537313639041,0.555099648300117,0.35268523973109,5.448,6.2
新疆维吾尔自治区,2020,0.114308,0.127916681971692,64.3,10.3063311416172,2.49418054059525,0.0225219059192801,0.565194229663114,0.343861024904367,5.784,3.4
新疆维吾尔自治区,2021,0.116494,0.0842128874503736,69.0,12.8146762315594,3.03363827923473,0.0218864506885168,0.572421784472769,0.373345178808278,6.141,7.0
新疆维吾尔自治区,2022,0.0196,0.089039477815658,,14.9974767975075,2.63959680486877,0.0262342904751648,0.579049091611906,0.409840316098595,6.521,3.4
新疆维吾尔自治区,2023,,0.0996277555417594,,15.012359884932,2.52754731742386,0.0275540710473786,0.592378752886836,0.40313397016611,6.923,6.8
